Gene.Name	Gene.ID
PI4KG6	AT1G13640
AT1G72020	AT1G72020
AT1G72030	AT1G72030
AT1G77350	AT1G77350
AT1G16730	AT1G16730
AT1G16740	AT1G16740
GOLS3	AT1G09350
NA	NA
SPL14	AT1G20980
AT1G56440	AT1G56440
PBG1	AT1G56450
AT1G09660	AT1G09660
IRX9H	AT1G27600
AT1G78130	AT1G78130
AT1G73230	AT1G73230
PMI1	AT1G42550
GLCNAC1PUT1	AT1G31070
RPS15A	AT1G04270
CAT8	AT1G17120
NIFU5	AT1G51390
WRKY6	AT1G62300
AT1G14010	AT1G14010
TAA1	AT1G70560
AT1G05100	AT1G05100
BOR5	AT1G74810
WIT2	AT1G68910
GALT4	AT1G27120
AGC1-7	AT1G79250
AT1G04263	AT1G04263
RPL23A	AT1G04480
AT1G28680	AT1G28680
AMY3	AT1G69830
AT1G69990	AT1G69990
NA	NA
TOM7-2	AT1G64220
AT1G21480	AT1G21480
PERK13	AT1G70460
AT1G75295	AT1G75295
AT1G02150	AT1G02150
NA	NA
AT1G22060	AT1G22060
BBD2	AT1G19660
RHM1	AT1G78570
AT1G27050	AT1G27050
AT1G64190	AT1G64190
TPS6	AT1G68020
AT1G66890	AT1G66890
AT1G49250	AT1G49250
AT1G11090	AT1G11090
AT1G48310	AT1G48310
AT1G48315	AT1G48315
AT1G05407	AT1G05407
AT1G19530	AT1G19530
ARF6	AT1G30330
STIPL1	AT1G17070
AT1G68500	AT1G68500
AT1G68300	AT1G68300
AE7	AT1G68310
TBL2	AT1G60790
AT1G61840	AT1G61840
RPS12A	AT1G15930
AT1G16870	AT1G16870
ACR11	AT1G16880
NA	NA
ARPC3	AT1G60430
AT1G21790	AT1G21790
IDM3	AT1G20870
AT1G20875	AT1G20875
AT1G24460	AT1G24460
ETFA	AT1G50940
AT1G11480	AT1G11480
NAC021	AT1G56010
AT1G32660	AT1G32660
AT1G51745	AT1G51745
HHL1	AT1G67700
TMM	AT1G80080
AT1G07820	AT1G07820
AT1G07830	AT1G07830
SGRL	AT1G44000
AT1G71840	AT1G71840
ZAT10	AT1G27730
NAC014	AT1G33060
UBP1A	AT1G54080
AT1G54360	AT1G54360
AT1G69900	AT1G69900
NA	NA
AT1G21050	AT1G21050
AT1G14380	AT1G14380
BZIP60	AT1G42990
PRR1	AT1G32100
ATHX	AT1G50320
AT1G70420	AT1G70420
ERF073	AT1G72360
AT1G23110	AT1G23110
AT1G35515	AT1G35515
NA	NA
AT1G57765	AT1G57765
AT1G76460	AT1G76460
MI0020196	AT1G05627
PI4KG5	AT1G26270
AT1G75650	AT1G75650
ERF11	AT1G28370
TPS10	AT1G60140
AGP5	AT1G35230
NA	NA
PUP11	AT1G44750
AT1G48620	AT1G48620
p_MI0001441	AT1G60025
TSA1	AT1G52410
AT1G63610	AT1G63610
AT1G64110	AT1G64110
AT1G27150	AT1G27150
AT1G18610	AT1G18610
AT1G50280	AT1G50280
AT1G52080	AT1G52080
KIN7C	AT1G21730
SR45	AT1G16610
AT1G67360	AT1G67360
AT1G74510	AT1G74510
ARAC5	AT1G75840
AT1G12030	AT1G12030
AT1G23190	AT1G23190
ERD2A	AT1G29330
AT1G35545	AT1G35545
AT1G08592	AT1G08592
ALAAT1	AT1G17290
AT1G10090	AT1G10090
AT1G26790	AT1G26790
AT1G27670	AT1G27670
AT1G17210	AT1G17210
AT1G17220	AT1G17220
AP180	AT1G05020
AT1G57680	AT1G57680
RABA5E	AT1G05810
NA	NA
AT1G21090	AT1G21090
AT1G26620	AT1G26620
AHL29	AT1G76500
AT1G10910	AT1G10910
AT1G15440	AT1G15440
AT1G15450	AT1G15450
AT1G57600	AT1G57600
PNSB1	AT1G15980
XLG3	AT1G31930
TGA3	AT1G22070
PHR1	AT1G12370
HSFA1D	AT1G32330
AT1G67900	AT1G67900
AT1G23710	AT1G23710
SYT5	AT1G05500
ASB1	AT1G25220
UGT85A4	AT1G78270
AT1G78280	AT1G78280
JMJ18	AT1G30810
MGL	AT1G64660
ALA4	AT1G17500
CRT1	AT1G56340
CYCA1-2	AT1G77390
HSP17.6C	AT1G53540
REV3	AT1G67500
CLE14	AT1G63245
MED37B	AT1G09080
SRO2	AT1G23550
AT1G36380	AT1G36380
AT1G25375	AT1G25375
NDT2	AT1G25380
FAS4	AT1G33390
AT1G02670	AT1G02670
CLPP5	AT1G02560
AT1G80850	AT1G80850
AT1G52720	AT1G52720
AT1G59620	AT1G59620
AT1G07763	AT1G07763
AT1G48300	AT1G48300
AT1G22403	AT1G22403
PP2A1	AT1G59830
AT1G53770	AT1G53770
AT1G03050	AT1G03050
NA	NA
AT1G52670	AT1G52670
AT1G18360	AT1G18360
AT1G12580	AT1G12580
KRP7	AT1G49620
ABCI19	AT1G03905
RVE3	AT1G01520
TIC110	AT1G06950
AT1G06960	AT1G06960
AT1G35545	AT1G35545
AT1G09263	AT1G09263
AT1G73970	AT1G73970
AT1G43667	AT1G43667
AT1G72190	AT1G72190
AT1G30570	AT1G30570
E2FC	AT1G47870
AT1G47380	AT1G47380
AT1G55450	AT1G55450
NA	NA
BBX24	AT1G06040
AT1G74370	AT1G74370
XXT5	AT1G74380
AT1G07803	AT1G07803
SCL1	AT1G21450
AT1G28580	AT1G28580
AT1G63950	AT1G63950
AT1G16850	AT1G16850
AT1G67590	AT1G67590
NA	NA
GER2	AT1G17890
AT1G69060	AT1G69060
FMOGS-OX4	AT1G62570
NA	NA
AT1G28530	AT1G28530
AT1G28540	AT1G28540
AT1G78070	AT1G78070
FRO2	AT1G01580
AT1G17400	AT1G17400
AT1G71080	AT1G71080
LUP1	AT1G78970
AT1G69252	AT1G69252
AT1G06980	AT1G06980
AT1G07060	AT1G07060
RPL35AA	AT1G07070
AT1G16630	AT1G16630
AT1G72550	AT1G72550
GASA6	AT1G74670
AT1G17232	AT1G17232
LUP5	AT1G66960
RIC8	AT1G03982
AT1G73340	AT1G73340
AATP1	AT1G80300
NUP98B	AT1G59660
AT1G69760	AT1G69760
IDD6	AT1G14580
SAP2	AT1G51200
AT1G17860	AT1G17860
DCL1	AT1G01040
PDIL1-1	AT1G21750
AT1G10030	AT1G10030
NA	NA
AT1G15140	AT1G15140
AT1G23890	AT1G23890
GAMMA-ADR	AT1G23900
ALDH7B4	AT1G54100
AT1G54110	AT1G54110
AT1G51645	AT1G51645
AT1G26800	AT1G26800
AT1G33970	AT1G33970
UPF3	AT1G33980
U2AF65B	AT1G60900
AT1G72860	AT1G72860
GLX2-4	AT1G06130
AT1G09980	AT1G09980
AT1G08553	AT1G08553
ECA4	AT1G07670
AT1G20650	AT1G20650
AT1G58270	AT1G58270
AT1G30190	AT1G30190
AT1G70250	AT1G70250
AT1G09423	AT1G09423
CLPP6	AT1G11750
NA	NA
AT1G24040	AT1G24040
AT1G24050	AT1G24050
AT1G72890	AT1G72890
PP2AB1	AT1G51690
AT1G16330	AT1G16330
GT-2	AT1G76890
AT1G27760	AT1G27760
AT1G56612	AT1G56612
CSLE1	AT1G55850
NA	NA
NUDT15	AT1G28960
GC5	AT1G79830
LHY	AT1G01060
NA	NA
AT1G06550	AT1G06550
LCV2	AT1G43130
AT1G32260	AT1G32260
AT1G75717	AT1G75717
AT1G09427	AT1G09427
AT1G05813	AT1G05813
NA	NA
AT1G71310	AT1G71310
AT1G73170	AT1G73170
CINV1	AT1G35580
PATL4	AT1G30690
NA	NA
THH1	AT1G14530
AT1G74780	AT1G74780
AT1G04770	AT1G04770
AT1G56500	AT1G56500
NA	NA
NA	NA
AT1G76878	AT1G76878
AT1G72500	AT1G72500
AT1G27090	AT1G27090
AT1G75810	AT1G75810
AT1G36310	AT1G36310
AT1G50020	AT1G50020
AT1G30290	AT1G30290
AT1G30300	AT1G30300
AT1G05617	AT1G05617
PMK	AT1G31910
NA	NA
DRP5A	AT1G53140
SEC31A	AT1G18830
AT1G04427	AT1G04427
AT1G03070	AT1G03070
AT1G59885	AT1G59885
AT1G19680	AT1G19680
AT1G61100	AT1G61100
AT1G63680	AT1G63680
AT1G06690	AT1G06690
AT1G16670	AT1G16670
AT1G04623	AT1G04623
AT1G75810	AT1G75810
NA	NA
ALDH3H1	AT1G44170
AT1G66180	AT1G66180
NFYA7	AT1G30500
AT1G27180	AT1G27180
AT1G01320	AT1G01320
AT1G73885	AT1G73885
AT1G68580	AT1G68580
AT1G61980	AT1G61980
AT1G27640	AT1G27640
AT1G65541	AT1G65541
AT1G52590	AT1G52590
AT1G52600	AT1G52600
AT1G48740	AT1G48740
NA	NA
AT1G33770	AT1G33770
TOM40-2	AT1G50400
GAPCP2	AT1G16300
SEC22	AT1G11890
AT1G33330	AT1G33330
NAT8	AT1G10540
AT1G74450	AT1G74450
AT1G79420	AT1G79420
PIP5K2	AT1G77740
AT1G04997	AT1G04997
ATL1	AT1G04360
AT1G02650	AT1G02650
RLM1A	AT1G64070
POD1	AT1G67960
AT1G18773	AT1G18773
TL20.3	AT1G12250
MGH3	AT1G19890
AT1G11800	AT1G11800
AT1G27330	AT1G27330
AT1G54570	AT1G54570
AT1G67690	AT1G67690
AT1G05613	AT1G05613
RANBP1A	AT1G07140
GI	AT1G22770
AT1G07500	AT1G07500
AT1G60590	AT1G60590
PPC6-6	AT1G03590
AT1G60380	AT1G60380
AT1G12300	AT1G12300
NA	NA
NA	NA
AT1G12800	AT1G12800
AT1G63110	AT1G63110
RD21A	AT1G47128
AT1G61780	AT1G61780
OST3B	AT1G61790
HRD3A	AT1G18260
NA	NA
CAF1-5	AT1G61470
AT1G08645	AT1G08645
AT1G43560	AT1G43560
AT1G70280	AT1G70280
AT1G63830	AT1G63830
AT1G08923	AT1G08923
AT1G20225	AT1G20225
PCMP-H21	AT1G20230
IQD32	AT1G19870
AT1G43910	AT1G43910
AT1G19840	AT1G19840
SCL5	AT1G50600
ERF12	AT1G28360
WRKY4	AT1G13960
BRX	AT1G31880
NA	NA
PSAG	AT1G55670
FRO3	AT1G23020
AT1G09520	AT1G09520
AT1G20770	AT1G20770
PUB44	AT1G20780
NA	NA
AT1G20070	AT1G20070
AT1G10865	AT1G10865
AT1G77420	AT1G77420
TCP15	AT1G69690
NA	NA
AT1G32690	AT1G32690
MCCA	AT1G03090
AT1G16650	AT1G16650
RGL1	AT1G66350
AT1G67280	AT1G67280
AT1G05007	AT1G05007
AT1G65050	AT1G65050
AT1G72820	AT1G72820
AT1G07463	AT1G07463
AT1G23750	AT1G23750
AT1G20050	AT1G20050
AT1G27921	AT1G27921
PUB18	AT1G10560
ERF061	AT1G64380
CXE5	AT1G49660
BPE	AT1G59640
KN	AT1G08560
WRKY36	AT1G69810
AT1G68200	AT1G68200
AT1G02813	AT1G02813
GTE3	AT1G73150
AT1G43600	AT1G43600
AT1G50730	AT1G50730
LEA14	AT1G01470
AT1G03620	AT1G03620
HPD	AT1G06570
AT1G51430	AT1G51430
AT1G02350	AT1G02350
AP1	AT1G69120
AT1G57770	AT1G57770
ENDO1	AT1G11190
NPF4.3	AT1G59740
AT1G56310	AT1G56310
AT1G75170	AT1G75170
AT1G53980	AT1G53980
NA	NA
GGAT1	AT1G23310
AT1G77250	AT1G77250
PHR1	AT1G12370
AT1G05340	AT1G05340
AT1G30820	AT1G30820
AT1G47130	AT1G47130
AT1G18460	AT1G18460
CYCD1-1	AT1G70210
AT1G03515	AT1G03515
AT1G09307	AT1G09307
AT1G56080	AT1G56080
DJ1B	AT1G53280
AT1G73390	AT1G73390
UBC16	AT1G75440
SPPL4	AT1G01650
GLP7	AT1G10460
AT1G32710	AT1G32710
AT1G09807	AT1G09807
NA	NA
AT1G56660	AT1G56660
MSL3	AT1G58200
NA	NA
AT1G11970	AT1G11970
AT1G71000	AT1G71000
ARPC2A	AT1G30825
BBD1	AT1G75380
AT1G32060	AT1G32060
RPL34	AT1G29070
NA	NA
TPS7	AT1G06410
NA	NA
AT1G08523	AT1G08523
AT1G01240	AT1G01240
AT1G04507	AT1G04507
AT1G70350	AT1G70350
NHX6	AT1G79610
CAO	AT1G44446
RTNLB3	AT1G64090
AN	AT1G01510
HAB2	AT1G17550
AT1G53790	AT1G53790
AT1G53800	AT1G53800
AT1G56220	AT1G56220
AT1G30515	AT1G30515
YDA	AT1G63700
PDIL2-2	AT1G04980
AT1G64460	AT1G64460
AT1G07150	AT1G07150
PUB19	AT1G60190
p_MI0005107	AT1G70645
AT1G17360	AT1G17360
GRF10	AT1G22300
AT1G32550	AT1G32550
AT1G32560	AT1G32560
AT1G08057	AT1G08057
AT1G70720	AT1G70720
AT1G49832	AT1G49832
NA	NA
AT1G49450	AT1G49450
LOX6	AT1G67560
PUMP3	AT1G14140
PNSL2	AT1G14150
UGT85A2	AT1G22360
AT1G04990	AT1G04990
AT1G20890	AT1G20890
AT1G24150	AT1G24150
MKK9	AT1G73500
AT1G76020	AT1G76020
VHA-B1	AT1G76030
BHLH13	AT1G01260
NA	NA
AT1G03290	AT1G03290
UKL3	AT1G55810
AT1G75590	AT1G75590
AT1G05193	AT1G05193
AT1G15740	AT1G15740
AT1G07873	AT1G07873
SAR1B	AT1G56330
AT1G05350	AT1G05350
AT1G30680	AT1G30680
AT1G09950	AT1G09950
MFT	AT1G18100
GAPCP1	AT1G79530
AT1G05473	AT1G05473
RPL27AC	AT1G70600
ABCB26	AT1G70610
AVP1	AT1G15690
UTR4	AT1G12600
AT1G79760	AT1G79760
AT1G11390	AT1G11390
AT1G11400	AT1G11400
AT1G13470	AT1G13470
RSZ21	AT1G23860
CPEFG	AT1G62750
LHCA5	AT1G45474
AT1G24360	AT1G24360
FPP2	AT1G21810
AIP1	AT1G07430
AT1G09380	AT1G09380
AT1G28140	AT1G28140
STR1	AT1G79230
AT1G53400	AT1G53400
AT1G24340	AT1G24340
AT1G25520	AT1G25520
PSBR	AT1G79040
GLPK	AT1G80460
ERD4	AT1G30360
MSRB1	AT1G53670
AT1G08993	AT1G08993
ADH1	AT1G77120
AT1G30320	AT1G30320
AT1G72490	AT1G72490
AT1G15680	AT1G15680
AT1G33240	AT1G33240
NA	NA
AT1G55340	AT1G55340
PDH-E1 BETA	AT1G30120
AT1G08653	AT1G08653
GA2OX6	AT1G02400
NA	NA
AT1G62305	AT1G62305
AT1G78850	AT1G78850
AT1G65985	AT1G65985
GGH3	AT1G78670
AT1G50450	AT1G50450
CB5LP	AT1G60660
TPL	AT1G15750
AT1G15175	AT1G15175
EMB2279	AT1G30610
ASK18	AT1G10230
AT1G59680	AT1G59680
NA	NA
AT1G14340	AT1G14340
AT1G16790	AT1G16790
PIN3	AT1G70940
STR2	AT1G16460
PAB1	AT1G16470
AT1G05870	AT1G05870
AT1G09633	AT1G09633
SULTR3	AT1G23090
HMGA	AT1G14900
AGO1	AT1G48410
TBP2	AT1G55520
AT1G71030	AT1G71030
MDH1	AT1G04410
AT1G04420	AT1G04420
AT1G75090	AT1G75090
AT1G32410	AT1G32410
AT1G05000	AT1G05000
AT1G65830	AT1G65830
NA	NA
AT1G12390	AT1G12390
NA	NA
MBD10	AT1G15340
TYW1	AT1G75200
AT1G75210	AT1G75210
ERF8	AT1G53170
AT1G62780	AT1G62780
AT1G70590	AT1G70590
AT1G73120	AT1G73120
FD2	AT1G60950
AT1G79790	AT1G79790
AT1G07773	AT1G07773
AT1G78250	AT1G78250
CBSCBS2	AT1G69800
ACR8	AT1G12420
AT1G77500	AT1G77500
PUP14	AT1G19770
AT1G21770	AT1G21770
WIN1	AT1G80600
AT1G17940	AT1G17940
AT1G77450	AT1G77450
GPAT4	AT1G01610
AT1G70100	AT1G70100
NA	NA
AT1G09497	AT1G09497
AT1G77765	AT1G77765
AT1G76570	AT1G76570
DRT112	AT1G20340
TIM17-1	AT1G20350
AT1G04500	AT1G04500
AT1G64850	AT1G64850
SIGA	AT1G64860
AT1G07901	AT1G07901
AT1G54740	AT1G54740
PUB56	AT1G01670
AT1G52860	AT1G52860
AT1G09773	AT1G09773
IMPA6	AT1G02690
AT1G32190	AT1G32190
ALIS4	AT1G16360
AT1G18900	AT1G18900
RABA6B	AT1G18200
ARF2-A	AT1G23490
STOP1	AT1G34370
AT1G51210	AT1G51210
AT1G68140	AT1G68140
SBT1.2	AT1G04110
AT1G21900	AT1G21900
WDL7	AT1G70950
NRT2.2	AT1G08100
AT1G53200	AT1G53200
BHLH13	AT1G01260
NA	NA
RSH3	AT1G54130
AT1G32130	AT1G32130
AT1G09967	AT1G09967
GLP4	AT1G09560
ABCG25	AT1G71960
AT1G74840	AT1G74840
UBP1B	AT1G17370
AT1G72650	AT1G72650
SGR2	AT1G31480
APA1	AT1G11910
AT1G34420	AT1G34420
SPPA	AT1G73990
AT1G60095	AT1G60095
BHLH125	AT1G62975
HLL	AT1G17560
AT1G17570	AT1G17570
AT1G61340	AT1G61340
AT1G04043	AT1G04043
AT1G24080	AT1G24080
DTX9	AT1G66760
AT1G67020	AT1G67020
AT1G07870	AT1G07870
AT1G69030	AT1G69030
AT1G75400	AT1G75400
AT1G80120	AT1G80120
AT1G12990	AT1G12990
TMN6	AT1G55130
AT1G75060	AT1G75060
RPS7A	AT1G48830
AT1G48840	AT1G48840
ARF5	AT1G19850
CML39	AT1G76640
AT1G22510	AT1G22510
AT1G30757	AT1G30757
PCFS1	AT1G66500
AT1G66510	AT1G66510
AT1G06473	AT1G06473
AT1G18740	AT1G18740
AT1G04150	AT1G04150
MTERF15	AT1G74120
AT1G07120	AT1G07120
CHLP	AT1G74470
AT1G03030	AT1G03030
AT1G10280	AT1G10280
NA	NA
ERF118	AT1G68550
NPF5.14	AT1G72120
SKP2A	AT1G21410
AT1G30845	AT1G30845
AT1G02705	AT1G02705
CYP97A3	AT1G31800
RTNLB22	AT1G78895
VHA-A	AT1G78900
AT59	AT1G14420
AT1G34630	AT1G34630
CSN5A	AT1G71230
AT1G09180	AT1G09180
AT1G11230	AT1G11230
MYB3	AT1G22640
LRK10L-1.1	AT1G25390
UDP-GALT2	AT1G76670
SPI	AT1G03060
COR413IM2	AT1G29390
ABCC5	AT1G04120
AT1G49460	AT1G49460
CPK11	AT1G35670
GSTU17	AT1G10370
ABF2	AT1G45249
AT1G21590	AT1G21590
GIP1L	AT1G55820
AT1G03150	AT1G03150
SS3	AT1G11720
PP2A11	AT1G63090
NSI	AT1G32070
AFP2	AT1G13740
VPS41	AT1G08190
GRP23	AT1G10270
AT1G11592	AT1G11592
AATP2	AT1G15500
AT1G07707	AT1G07707
AT1G62030	AT1G62030
AT1G27470	AT1G27470
LCAT1	AT1G27480
AT1G07477	AT1G07477
TIFY11A	AT1G17380
AT1G75945	AT1G75945
AT1G06515	AT1G06515
AT1G06510	AT1G06510
ACA7	AT1G08080
PRS3	AT1G10700
AT1G62480	AT1G62480
FTSH8	AT1G06430
OVA7	AT1G11870
AT1G03230	AT1G03230
NA	NA
IGMT3	AT1G21110
AT1G22180	AT1G22180
GT17	AT1G68470
HVA22G	AT1G75700
AT1G08897	AT1G08897
NAC029	AT1G69490
AT1G07000	AT1G07000
AT1G09163	AT1G09163
AT1G05080	AT1G05080
NUDT21	AT1G73540
NET3A	AT1G03470
AT1G11840	AT1G11840
AT1G24600	AT1G24600
AT1G06180	AT1G06180
AT1G57540	AT1G57540
ERF118	AT1G68550
APA2	AT1G62290
AT1G19970	AT1G19970
NA	NA
AT1G29060	AT1G29060
IP5P15	AT1G65580
AT1G03180	AT1G03180
AT1G07645	AT1G07645
PLDALPHA4	AT1G55180
AT1G12830	AT1G12830
AT1G49670	AT1G49670
AT1G16700	AT1G16700
ATG12A	AT1G54210
AT1G19490	AT1G19490
SPL8	AT1G02065
AT1G76380	AT1G76380
GLYK	AT1G80380
AT1G01080	AT1G01080
ACO4	AT1G05010
AT1G08120	AT1G08120
CBSDUF4	AT1G03270
PLL5	AT1G07630
AT1G48953	AT1G48953
SRS5	AT1G75520
AT1G01630	AT1G01630
AT1G77280	AT1G77280
AT1G19110	AT1G19110
AT1G07985	AT1G07985
AT1G01890	AT1G01890
SPS1	AT1G78510
CTL1	AT1G05850
AT1G64050	AT1G64050
AT1G33410	AT1G33410
BHLH112	AT1G61660
AT1G26690	AT1G26690
MUR4	AT1G30620
AT1G19000	AT1G19000
AT1G72760	AT1G72760
PSAT	AT1G04010
LCR31	AT1G28335
AT1G22850	AT1G22850
RPL41D	AT1G56045
AT1G62045	AT1G62045
AT1G11050	AT1G11050
NA	NA
AT1G09600	AT1G09600
FTSH1	AT1G50250
PRE3	AT1G74500
MSL6	AT1G78610
TCHQD	AT1G77290
RPT1A	AT1G53750
TIFY10B	AT1G74950
AT1G66110	AT1G66110
AT1G67340	AT1G67340
ARAC4	AT1G20090
AT1G31150	AT1G31150
SPA4	AT1G53090
AT1G22180	AT1G22180
AT1G22750	AT1G22750
MPK15	AT1G73670
AT1G46554	AT1G46554
TAF12B	AT1G17440
AT1G24160	AT1G24160
AT1G27350	AT1G27350
RPL30B	AT1G77940
AT1G02590	AT1G02590
AT1G02600	AT1G02600
AT1G36050	AT1G36050
MSL4	AT1G53470
AT1G12460	AT1G12460
NA	NA
UTR3	AT1G14360
FUT12	AT1G49710
AT1G80530	AT1G80530
APUM23	AT1G72320
DREB2D	AT1G75490
AT1G32710	AT1G32710
SULTR1	AT1G78000
SUVH3	AT1G73100
EIF4B2	AT1G13020
ACBP6	AT1G31812
AGL65	AT1G18750
AT1G62810	AT1G62810
AT1G67920	AT1G67920
WRKY65	AT1G29280
AT1G61255	AT1G61255
COG0212	AT1G76730
AT1G76740	AT1G76740
AT1G32620	AT1G32620
LACS9	AT1G77590
RHY1A	AT1G49850
AT1G07380	AT1G07380
AT1G34095	AT1G34095
AT1G19310	AT1G19310
ANN1	AT1G35720
NUP155	AT1G14850
LPA3	AT1G73060
AT1G47970	AT1G47970
AT1G54120	AT1G54120
HRD1B	AT1G65040
BHLH122	AT1G51140
AT1G08933	AT1G08933
SUC2	AT1G22710
NUCL1	AT1G48920
4CLL5	AT1G20510
AT1G20515	AT1G20515
AT1G63820	AT1G63820
NRP1	AT1G74560
BCAT2	AT1G10070
GLY3	AT1G53580
AT1G62720	AT1G62720
AT1G66173	AT1G66173
AT1G78140	AT1G78140
AT1G03810	AT1G03810
ASIL1	AT1G54060
APR2	AT1G62180
TIFY7	AT1G70700
APUM22	AT1G01410
AT1G09647	AT1G09647
AT1G78790	AT1G78790
AT1G18335	AT1G18335
NAP5	AT1G71330
AT1G54500	AT1G54500
AT1G56140	AT1G56140
AT1G17460	AT1G17460
AT1G58250	AT1G58250
SPL6	AT1G69170
SPS2	AT1G17050
THFS	AT1G50480
AT1G63290	AT1G63290
AT1G71780	AT1G71780
AT1G76600	AT1G76600
SEC3A	AT1G47550
AT1G71700	AT1G71700
AT1G62870	AT1G62870
AT1G42480	AT1G42480
AT1G09703	AT1G09703
ZYP1A	AT1G22260
AT1G22270	AT1G22270
DTX31	AT1G12950
GRXS13	AT1G03850
AAA1	AT1G80350
TOM9-1	AT1G04070
AT1G04080	AT1G04080
AT1G62420	AT1G62420
AT1G10590	AT1G10590
AMSH2	AT1G10600
AT1G19860	AT1G19860
ERD4	AT1G30360
NFYC2	AT1G56170
AT1G07233	AT1G07233
DHAR1	AT1G19570
GAMMACA1	AT1G19580
COR413IM1	AT1G29395
NA	NA
AT1G15060	AT1G15060
SEC3B	AT1G47560
AT1G67035	AT1G67035
RMR2	AT1G71980
UGT89C1	AT1G06000
NDA1	AT1G07180
AT1G61210	AT1G61210
AT1G01710	AT1G01710
P4H3	AT1G20270
AT1G20100	AT1G20100
IAA17	AT1G04250
LPLAT1	AT1G12640
AT1G12650	AT1G12650
SOV	AT1G77680
SBH1	AT1G69640
AT1G44542	AT1G44542
FPP4	AT1G19835
p_MI0005398	AT1G61224
ADO3	AT1G68050
MYB51	AT1G18570
AT1G68440	AT1G68440
AT1G80810	AT1G80810
AMC4	AT1G79340
AT1G13820	AT1G13820
SCAMP5	AT1G11180
AT1G68340	AT1G68340
AT1G79370	AT1G79370
FKFBP	AT1G07110
AT1G07119	AT1G07119
AT1G68490	AT1G68490
AT1G73480	AT1G73480
MRS2-10	AT1G80900
RHA2A	AT1G15100
AT1G51400	AT1G51400
ACC2	AT1G36180
AT1G04967	AT1G04967
GOLS2	AT1G56600
AT1G63490	AT1G63490
AT1G04190	AT1G04190
FZL	AT1G03160
NUDT1	AT1G68760
AT1G67880	AT1G67880
AT1G75530	AT1G75530
CPK30	AT1G74740
AT1G58280	AT1G58280
SRX	AT1G31170
AT1G50380	AT1G50380
GSTF6	AT1G02930
AT1G23440	AT1G23440
AT1G50660	AT1G50660
AT1G78190	AT1G78190
AT1G73570	AT1G73570
AHA9	AT1G80660
AT1G03200	AT1G03200
AT1G27000	AT1G27000
AT1G71210	AT1G71210
UGGT	AT1G71220
AT1G76440	AT1G76440
AT1G09470	AT1G09470
FAX5	AT1G50740
AT1G08717	AT1G08717
NA	NA
CLV1	AT1G75820
MED9	AT1G55080
AT1G55090	AT1G55090
ARF2-A	AT1G70490
LHCB1.3	AT1G29930
AT1G26090	AT1G26090
AT1G78230	AT1G78230
AT1G25570	AT1G25570
AT1G07210	AT1G07210
IRX10	AT1G27440
RBL6	AT1G12750
AT1G12760	AT1G12760
AT1G01830	AT1G01830
BIM2	AT1G69010
AT1G18270	AT1G18270
SLP2	AT1G18480
AT1G17690	AT1G17690
DCP5	AT1G26110
AERO1	AT1G72280
NA	NA
AT1G73020	AT1G73020
CHMP1B	AT1G73030
AT1G79910	AT1G79910
AT1G16720	AT1G16720
AT1G51100	AT1G51100
PIP5K1	AT1G21980
AT1G19460	AT1G19460
AT1G09567	AT1G09567
AT1G79630	AT1G79630
AT1G68872	AT1G68872
AT1G23000	AT1G23000
NA	NA
AT1G09800	AT1G09800
AT1G04733	AT1G04733
SUVR1	AT1G04050
CYP71B28	AT1G13090
AT1G71360	AT1G71360
AT1G17150	AT1G17150
AT1G63410	AT1G63410
AT1G18382	AT1G18382
AT1G74860	AT1G74860
CRT2	AT1G09210
CXE6	AT1G68620
SEI2	AT1G29760
AT1G69460	AT1G69460
AT1G30630	AT1G30630
AT1G27840	AT1G27840
GLP1	AT1G72610
CMTA4	AT1G67310
AT1G14205	AT1G14205
AT1G23070	AT1G23070
AT1G59690	AT1G59690
CYCA1-1	AT1G44110
AT1G80550	AT1G80550
AT1G80555	AT1G80555
AT1G16560	AT1G16560
AT1G77800	AT1G77800
AT1G49020	AT1G49020
AT1G11640	AT1G11640
RBP45B	AT1G11650
AT2G22482	AT2G22482
CXIP4	AT2G28910
AT2G43795	AT2G43795
COR413PM1	AT2G15970
PAB4	AT2G23350
AT2G42640	AT2G42640
LBD11	AT2G28500
PAPS2	AT2G25850
HMGCL	AT2G26800
WRKY59	AT2G21900
XI-D	AT2G33240
AT2G33250	AT2G33250
ALDH6B2	AT2G14170
NA	NA
AT2G46780	AT2G46780
NA	NA
AT2G19710	AT2G19710
LACS8	AT2G04350
PRS4	AT2G42910
AT2G35950	AT2G35950
AT2G25280	AT2G25280
AT2G27470	AT2G27470
CML48	AT2G27480
AT2G18860	AT2G18860
P5CSA	AT2G39800
AT2G24550	AT2G24550
WRKY54	AT2G40750
SCPL46	AT2G33530
NA	NA
AT2G30170	AT2G30170
AT2G04075	AT2G04075
AT2G44820	AT2G44820
PI4KG4	AT2G46500
p_MI0000215	AT2G28056
IPS2	AT2G22240
AT2G22241	AT2G22241
ABI5	AT2G36270
VHA-A2	AT2G21410
AT2G36240	AT2G36240
ADO2	AT2G18915
SUVH6	AT2G22740
GATA2	AT2G45050
AT2G01275	AT2G01275
AT2G09105	AT2G09105
AT2G18310	AT2G18310
AT2G35010	AT2G35010
AT2G30310	AT2G30310
AT2G25890	AT2G25890
ELF4	AT2G40080
AT2G35950	AT2G35950
AT2G05075	AT2G05075
NA	NA
NTL8	AT2G27300
LBD19	AT2G45410
BUB1	AT2G20635
AT2G15590	AT2G15590
AT2G23390	AT2G23390
AT2G23120	AT2G23120
AT2G23118	AT2G23118
NA	NA
AT2G41750	AT2G41750
CDT1A	AT2G31270
AT2G46420	AT2G46420
GSTF9	AT2G30860
XERICO	AT2G04240
UBA1	AT2G30110
AT2G31740	AT2G31740
KIN5C	AT2G36200
TLP1	AT2G02710
AT2G05940	AT2G05940
AT2G01667	AT2G01667
FLA16	AT2G35860
AT2G09605	AT2G09605
AT2G36145	AT2G36145
AT2G37970	AT2G37970
PME17	AT2G45220
NA	NA
NA	NA
AT2G42750	AT2G42750
PLL4	AT2G28890
RTNLB5	AT2G46170
TKL-2	AT2G45290
AT2G15860	AT2G15860
PAT23	AT2G14255
AT2G18740	AT2G18740
HHP3	AT2G24150
PEX10	AT2G26350
PP2C27	AT2G33700
PDIL2-3	AT2G32920
ARL2	AT2G18390
AT2G33520	AT2G33520
p_MI0005381	AT2G26211
AT2G41640	AT2G41640
AT2G03700	AT2G03700
NRAMP3	AT2G23150
AT2G36300	AT2G36300
FACE2	AT2G36305
RPT2	AT2G30520
BUBR1	AT2G33560
AT2G32315	AT2G32315
THG2	AT2G32320
ATL38	AT2G34990
AT2G02410	AT2G02410
AT2G24440	AT2G24440
FUT4	AT2G15390
AT2G07055	AT2G07055
NUP62	AT2G45000
AT2G23370	AT2G23370
CLF	AT2G23380
AT2G25905	AT2G25905
AT2G33585	AT2G33585
AT2G33590	AT2G33590
AT2G01422	AT2G01422
AT2G28790	AT2G28790
AT2G45320	AT2G45320
AT2G35480	AT2G35480
PAHX	AT2G01490
NTL8	AT2G27300
NA	NA
AT2G33350	AT2G33350
XTH27	AT2G01850
AT2G24360	AT2G24360
AT2G18440	AT2G18440
AT2G18050	AT2G18050
ERD15	AT2G41430
AT2G39130	AT2G39130
RKP	AT2G22010
CHI	AT2G43570
THG1	AT2G31580
AT2G31585	AT2G31585
AT2G39805	AT2G39805
AT2G20360	AT2G20360
RRP6L3	AT2G32415
FLA16	AT2G35860
GBF3	AT2G46270
AT2G08650	AT2G08650
AT2G45300	AT2G45300
AT2G21860	AT2G21860
AT2G24250	AT2G24250
AT2G40700	AT2G40700
AT2G41490	AT2G41490
AT2G44970	AT2G44970
FAD4L2	AT2G22890
NA	NA
RAP2-7	AT2G28550
COP1	AT2G32950
NA	NA
CSP3	AT2G17870
CAS	AT2G46520
NA	NA
TAF14	AT2G18000
AT2G46850	AT2G46850
AT2G47530	AT2G47530
SPA1	AT2G46340
ATJ72	AT2G41000
AT2G45180	AT2G45180
RDR5	AT2G19930
AT2G19940	AT2G19940
AT2G45630	AT2G45630
AT2G09160	AT2G09160
AT2G46995	AT2G46995
BHLH100	AT2G41240
ELF3	AT2G25930
AT2G43890	AT2G43890
AT2G22650	AT2G22650
AT2G18193	AT2G18193
AT2G19850	AT2G19850
AT2G19790	AT2G19790
TET2	AT2G19580
AT2G05185	AT2G05185
LCKB2	AT2G46090
CRK3	AT2G46700
DBP	AT2G45820
AT2G18876	AT2G18876
NFYA4	AT2G34720
AT2G41945	AT2G41945
AT2G41950	AT2G41950
AT2G30020	AT2G30020
HIC	AT2G46720
AT2G17670	AT2G17670
AT2G41170	AT2G41170
UGT71C1	AT2G29750
RCA	AT2G39730
AT2G22780	AT2G22780
SCPL11	AT2G22970
AT2G33630	AT2G33630
PURA1	AT2G32080
AT2G32090	AT2G32090
TFIIS	AT2G38560
AT2G46940	AT2G46940
BHLH70	AT2G46810
AT2G48020	AT2G48020
AT2G29910	AT2G29910
MPT1	AT2G17270
CAPH	AT2G32590
AT2G34330	AT2G34330
DREB2C	AT2G40340
NA	NA
AT2G16250	AT2G16250
SUC3	AT2G02860
CALS10	AT2G36850
AT2G20560	AT2G20560
ATPC	AT2G33040
CRK1	AT2G41140
AT2G03810	AT2G03810
AT2G09585	AT2G09585
AT2G09590	AT2G09590
TUBB7	AT2G29550
AT2G21780	AT2G21780
MIZ1	AT2G41660
AT2G44550	AT2G44550
AT2G26515	AT2G26515
AT2G41312	AT2G41312
NA	NA
AT2G30780	AT2G30780
AT2G19810	AT2G19810
HO1	AT2G26670
INT1	AT2G43330
CP29B	AT2G37220
AT2G31940	AT2G31940
MTP11	AT2G39450
FTSH2	AT2G30950
NA	NA
URH1	AT2G36310
HMGB4	AT2G17560
AT2G17570	AT2G17570
GSTF3	AT2G02930
QSOX2	AT2G01270
AT2G30000	AT2G30000
ERD7	AT2G17840
AT2G21820	AT2G21820
ACR9	AT2G39570
ROPGEF4	AT2G45890
AT2G18090	AT2G18090
NA	NA
AT2G42970	AT2G42970
AT2G42975	AT2G42975
AT2G45070	AT2G45070
ARF10	AT2G28350
RS31A	AT2G46610
MYB12	AT2G47460
STY8	AT2G17700
PYM	AT2G42260
AT2G42480	AT2G42480
AT2G35320	AT2G35320
AT2G35330	AT2G35330
AT2G27950	AT2G27950
AT2G43240	AT2G43240
BZIP34	AT2G42380
GLCAT14C	AT2G37585
AT2G17930	AT2G17930
ZHD6	AT2G18350
AT2G32160	AT2G32160
AT2G25940	AT2G25940
AT2G36690	AT2G36690
IBH1	AT2G43060
AT2G25530	AT2G25530
AT2G09360	AT2G09360
CSY3	AT2G42790
AT2G35800	AT2G35800
CCA1	AT2G46830
AT2G20980	AT2G20980
AT2G09680	AT2G09680
AT2G46192	AT2G46192
AT2G37480	AT2G37480
MED18	AT2G22370
ATI1	AT2G45980
AT2G45990	AT2G45990
PME16	AT2G43050
NA	NA
AT2G09630	AT2G09630
POSF21	AT2G31370
NA	NA
NAGS1	AT2G22910
PPOX2	AT2G46580
MPK17	AT2G01450
AT2G04740	AT2G04740
GDH1	AT2G35370
NA	NA
PCMP-H33	AT2G29760
NA	NA
AT2G37670	AT2G37670
AT2G30040	AT2G30040
NA	NA
AT2G29380	AT2G29380
CCA1	AT2G46830
DRP1D	AT2G44590
NAPRT2	AT2G23420
AT2G45023	AT2G45023
MEFG2	AT2G45030
AT2G37660	AT2G37660
SMC3	AT2G27170
AT2G03290	AT2G03290
WRKY3	AT2G03340
AT2G27350	AT2G27350
AT2G31945	AT2G31945
AT2G27420	AT2G27420
NA	NA
AT2G30100	AT2G30100
CIPK11	AT2G30360
MAX2	AT2G42620
AT2G29670	AT2G29670
FER4	AT2G40300
AT2G45720	AT2G45720
KAS	AT2G04540
STL2P	AT2G01470
AT2G04115	AT2G04115
AT2G01680	AT2G01680
AT2G21720	AT2G21720
BLOS1	AT2G30330
NA	NA
AT2G47390	AT2G47390
PRA1B2	AT2G40380
GOS12	AT2G45200
AT2G21030	AT2G21030
RKP	AT2G22010
AT2G31810	AT2G31810
AT2G43865	AT2G43865
AT2G41900	AT2G41900
PGM	AT2G17280
NA	NA
FAB2	AT2G43710
AT2G12461	AT2G12461
WEB1	AT2G26570
AT2G09540	AT2G09540
OST1B	AT2G01720
CPSF73-II	AT2G01730
AT2G30880	AT2G30880
MEE12	AT2G02955
AT2G45460	AT2G45460
AT2G24130	AT2G24130
FTSH4	AT2G26140
AT2G20240	AT2G20240
AT2G39190	AT2G39190
ANTR3	AT2G38060
AT2G37150	AT2G37150
AT2G37160	AT2G37160
AT2G24020	AT2G24020
AT2G20670	AT2G20670
SUC3	AT2G02860
AT2G32020	AT2G32020
HSP90-5	AT2G04030
MPK20	AT2G42880
B3GALT3	AT2G32430
RTNLB13	AT2G23640
AT2G09070	AT2G09070
AT2G40480	AT2G40480
AT2G06955	AT2G06955
AT2G05786	AT2G05786
SBT2.5	AT2G19170
AT2G41960	AT2G41960
AT2G44360	AT2G44360
AT2G34250	AT2G34250
DEGP2	AT2G47940
AT2G25310	AT2G25310
AUR3	AT2G45490
CYS2	AT2G31980
AT2G46980	AT2G46980
AT2G09770	AT2G09770
TCP9	AT2G45680
AT2G01920	AT2G01920
ERF034	AT2G44940
NA	NA
PHL4	AT2G20400
AT2G46535	AT2G46535
DBP	AT2G45820
PXM16	AT2G41790
PHO1-H5	AT2G03240
AT2G04505	AT2G04505
AT2G42950	AT2G42950
AT2G41550	AT2G41550
AT2G01410	AT2G01410
TOM3	AT2G02180
AT2G47500	AT2G47500
AT2G15695	AT2G15695
AT2G08100	AT2G08100
AT2G42780	AT2G42780
AT2G09410	AT2G09410
BRXL1	AT2G35600
TKI1	AT2G36960
MUR3	AT2G20370
CXE9	AT2G45610
AT2G25060	AT2G25060
COL13	AT2G47890
RD19B	AT2G21430
AT2G23690	AT2G23690
TPS11	AT2G18700
PQL3	AT2G01918
ERF13	AT2G44840
GH3.3	AT2G23170
AT2G17770	AT2G17770
AT2G07645	AT2G07645
RIBA2	AT2G22450
ALE2	AT2G20300
SRF1	AT2G20850
LIP1	AT2G20860
PED1	AT2G33150
AT2G30600	AT2G30600
PIP2-3	AT2G37180
AT2G38610	AT2G38610
AT2G11215	AT2G11215
NA	NA
EME1B	AT2G22140
AT2G28640	AT2G28640
AT2G14860	AT2G14860
AT2G18969	AT2G18969
AT2G21250	AT2G21250
NA	NA
SEP2	AT2G21970
UBC23	AT2G16920
ARF3	AT2G24765
NA	NA
AT2G20760	AT2G20760
GCL2	AT2G20770
AT2G24100	AT2G24100
NA	NA
FAD3	AT2G29980
THF1	AT2G20890
NA	NA
LBD18	AT2G45420
NRP1	AT2G03440
AT2G30390	AT2G30390
AT2G33847	AT2G33847
AT2G25430	AT2G25430
KIN7E	AT2G21300
PRN2	AT2G43120
AT2G44175	AT2G44175
XLG1	AT2G23460
ATHB-21	AT2G18550
AT2G36540	AT2G36540
ANR1	AT2G14210
UGT72D1	AT2G18570
AGL17	AT2G22630
AT2G25210	AT2G25210
PAP7	AT2G01880
ZFN2	AT2G32930
AT2G28320	AT2G28320
AT2G41830	AT2G41830
AT2G05160	AT2G05160
VPS35A	AT2G17790
PGPS1	AT2G39290
AT2G21120	AT2G21120
FTSH3	AT2G29080
AT2G21960	AT2G21960
ATG9	AT2G31260
PDIL2-1	AT2G47470
AGT1	AT2G13360
AT2G40980	AT2G40980
SBT1.8	AT2G05920
UPF2	AT2G39260
AT2G39270	AT2G39270
AT2G25625	AT2G25625
NA	NA
ETG1	AT2G40550
CYP78A6	AT2G46660
AT2G17525	AT2G17525
AT2G39400	AT2G39400
PIL1	AT2G46970
ERF15	AT2G31230
AT2G23790	AT2G23790
AGP9	AT2G14890
AT2G17787	AT2G17787
AT2G44710	AT2G44710
HMGB14	AT2G34450
AT2G34460	AT2G34460
CBSDUF3	AT2G14520
BIO2	AT2G43360
SNRNP35	AT2G43370
BZIP2	AT2G18160
AT2G32795	AT2G32795
ETG1	AT2G40550
AT2G47850	AT2G47850
AT2G47060	AT2G47060
AT2G36670	AT2G36670
NA	NA
IQD14	AT2G43680
AT2G38465	AT2G38465
AT2G29628	AT2G29628
THIC	AT2G29630
AT2G38090	AT2G38090
AT2G46490	AT2G46490
AT2G20420	AT2G20420
GC4	AT2G46180
AXS1	AT2G27860
MPK7	AT2G18170
AT2G08645	AT2G08645
PTAC12	AT2G34640
AT2G44830	AT2G44830
AT2G20250	AT2G20250
AT2G35080	AT2G35080
AT2G35935	AT2G35935
NET3C	AT2G47920
CNX2	AT2G31955
PSBW	AT2G30570
AT2G09535	AT2G09535
AT2G39375	AT2G39375
AT2G20440	AT2G20440
RPL14A	AT2G20450
AT2G36030	AT2G36030
AT2G03905	AT2G03905
NPSN11	AT2G35190
PI4KG7	AT2G03890
AT2G21930	AT2G21930
PARG1	AT2G31870
BASS2	AT2G26900
AT2G15310	AT2G15310
CIPK13	AT2G34180
WRKY1	AT2G04880
AT2G32510	AT2G32510
AT2G37880	AT2G37880
NLP8	AT2G43500
AT2G07680	AT2G07680
AT2G22080	AT2G22080
AT2G18680	AT2G18680
UTR1	AT2G02810
AT2G42720	AT2G42720
OXA1L	AT2G46470
AT2G20723	AT2G20723
REIL2	AT2G24500
PUB33	AT2G45910
NFYB8	AT2G37060
NIR1	AT2G15620
KRP1	AT2G23430
AT2G07850	AT2G07850
SBE2.1	AT2G36390
AT2G28400	AT2G28400
APRR9	AT2G46790
CSP4	AT2G21060
AT2G05830	AT2G05830
AT2G38255	AT2G38255
COL3	AT2G24790
NTRC	AT2G41680
PUB63	AT2G40640
HAT9	AT2G22800
AT2G19350	AT2G19350
AT2G18780	AT2G18780
AT2G30766	AT2G30766
AT2G35343	AT2G35343
ALG3	AT2G47760
TSPO	AT2G47770
NAC037	AT2G18060
PEX11D	AT2G45740
AT2G46060	AT2G46060
AT2G06745	AT2G06745
AT2G45245	AT2G45245
AT2G39080	AT2G39080
FEI2	AT2G35620
AT2G45860	AT2G45860
AT2G45870	AT2G45870
p_MI0000178	AT2G25095
AT2G38820	AT2G38820
AT2G09935	AT2G09935
AT2G22805	AT2G22805
AT2G23755	AT2G23755
HIC	AT2G46720
ASK20	AT2G45950
ABCG3	AT2G28070
AT2G34160	AT2G34160
AT2G31090	AT2G31090
AT2G35300	AT2G35300
AT2G40800	AT2G40800
AT2G16760	AT2G16760
AT2G14765	AT2G14765
AT2G22180	AT2G22180
AT2G19802	AT2G19802
AT2G26000	AT2G26000
RPL28	AT2G33450
ABCA1	AT2G41700
AT2G41870	AT2G41870
CYP19-1	AT2G16600
AT2G31840	AT2G31840
AT2G25460	AT2G25460
AUX1	AT2G38120
AT2G28720	AT2G28720
WRKY35	AT2G34830
VQ17	AT2G42140
AT2G21195	AT2G21195
AT2G24625	AT2G24625
AT2G33190	AT2G33190
AGO4	AT2G27040
CLE5	AT2G31083
SAD2	AT2G31660
AT2G28940	AT2G28940
AT2G40860	AT2G40860
CYS3	AT2G40880
CKA4	AT2G23070
CKA3	AT2G23080
AT2G24550	AT2G24550
APC10	AT2G18290
AT2G19090	AT2G19090
FRL4A	AT3G22440
AT3G49140	AT3G49140
AT3G04443	AT3G04443
UGT80A2	AT3G07020
AT3G49470	AT3G49470
CHR11	AT3G06400
AT3G14900	AT3G14900
AT3G14910	AT3G14910
AT3G03650	AT3G03650
POX1	AT3G30775
FLU	AT3G14110
NUP107	AT3G14120
AT3G24190	AT3G24190
AT3G62560	AT3G62560
AT3G19240	AT3G19240
AT3G26560	AT3G26560
AT3G08255	AT3G08255
PAP18	AT3G20500
AT3G02415	AT3G02415
AT3G50780	AT3G50780
AT3G06615	AT3G06615
EXPA16	AT3G55500
AT3G54440	AT3G54440
SDR1	AT3G61220
AT3G03341	AT3G03341
AT3G17020	AT3G17020
AT3G14360	AT3G14360
AT3G26870	AT3G26870
NA	NA
BUB3.1	AT3G19590
AT3G01735	AT3G01735
AT3G09280	AT3G09280
ORP3B	AT3G09300
TOC120	AT3G16620
CYC11	AT3G27240
DOF3.7	AT3G61850
AT3G48120	AT3G48120
AT3G08020	AT3G08020
NA	NA
AT3G60360	AT3G60360
AT3G19780	AT3G19780
AT3G51980	AT3G51980
AT3G51990	AT3G51990
PDX12	AT3G16050
GATA1	AT3G24050
AT3G03800	AT3G03800
AT3G01740	AT3G01740
AT3G28030	AT3G28030
AT3G10572	AT3G10572
AAE3	AT3G48990
AT3G26480	AT3G26480
SUGTL5	AT3G05400
BET11	AT3G58170
AT3G58180	AT3G58180
RH13	AT3G16840
PDIL1-3	AT3G54960
PSBT	AT3G21055
RBL	AT3G21060
AT3G57785	AT3G57785
NADK1	AT3G21070
AT3G09855	AT3G09855
ATPK2	AT3G08720
NA	NA
NA	NA
MDAR1	AT3G52880
AT3G47680	AT3G47680
COP10	AT3G13550
ATHB-12	AT3G61890
PCMP-H36	AT3G02010
PIP2-1	AT3G53420
AT3G45310	AT3G45310
AT3G60320	AT3G60320
FLA15	AT3G52370
AT3G30739	AT3G30739
VPS37-1	AT3G53120
CYP97C1	AT3G53130
AT3G03790	AT3G03790
AT3G05635	AT3G05635
EVN	AT3G45040
AT3G48140	AT3G48140
BOR3	AT3G06450
AT3G27910	AT3G27910
AT3G06125	AT3G06125
RH52	AT3G58570
AT3G01516	AT3G01516
HCF107	AT3G17040
HS1	AT3G17210
PEX19-1	AT3G03490
AT3G15200	AT3G15200
AT3G03175	AT3G03175
AT3G57890	AT3G57890
WRI1	AT3G54320
AT3G09370	AT3G09370
TET3	AT3G45600
AT3G50210	AT3G50210
AT3G08780	AT3G08780
TFB1-3	AT3G61420
GLX2-2	AT3G10850
AT3G10860	AT3G10860
CALS9	AT3G07160
AFP4	AT3G02140
GATA24	AT3G21175
AT3G19540	AT3G19540
GAUT1	AT3G61130
F6'H1	AT3G13610
AT3G13620	AT3G13620
ARR9	AT3G57040
FAB1B	AT3G14270
NAC054	AT3G15170
AT3G07470	AT3G07470
AT3G07480	AT3G07480
NIMIN-2	AT3G25882
AT3G24506	AT3G24506
SDH2-1	AT3G27380
AT3G21400	AT3G21400
AT3G03375	AT3G03375
AT3G05110	AT3G05110
AT3G15470	AT3G15470
RPS20B	AT3G47370
AT3G63340	AT3G63340
AT3G06780	AT3G06780
PAT16	AT3G09320
TIM22-1	AT3G10110
AT3G06520	AT3G06520
AT3G47610	AT3G47610
BHLH123	AT3G20640
AT3G59870	AT3G59870
SCL7	AT3G50650
AT3G45200	AT3G45200
AT3G02335	AT3G02335
AT3G02340	AT3G02340
AT3G15980	AT3G15980
AT3G04775	AT3G04775
AT3G45180	AT3G45180
AT3G02895	AT3G02895
AT3G43230	AT3G43230
PRN1	AT3G59220
UVR3	AT3G15620
AT3G61280	AT3G61280
CYP71B34	AT3G26300
AT3G21320	AT3G21320
AFP3	AT3G29575
NAGK	AT3G57560
AT3G57570	AT3G57570
AT3G11560	AT3G11560
AT3G14075	AT3G14075
AT3G57540	AT3G57540
AT3G22950	AT3G22950
AT3G50860	AT3G50860
AT3G62630	AT3G62630
INVC	AT3G06500
AT3G01520	AT3G01520
AT3G29240	AT3G29240
AT3G56270	AT3G56270
PRA1F4	AT3G13710
AT3G06670	AT3G06670
TBP1	AT3G13445
ANTR4	AT3G46980
LHCA2	AT3G61470
HY2	AT3G09150
AT3G01975	AT3G01975
CRK2	AT3G19100
AT3G10420	AT3G10420
TOPP9	AT3G05580
AT3G01655	AT3G01655
AT3G01560	AT3G01560
HEME1	AT3G14930
AT3G24090	AT3G24090
AT3G48480	AT3G48480
AT3G57180	AT3G57180
PRFB3	AT3G57190
AT3G61571	AT3G61571
AT3G07985	AT3G07985
UPL7	AT3G53090
AT3G49210	AT3G49210
AT3G29580	AT3G29580
AT3G05520	AT3G05520
AT3G26440	AT3G26440
SAHH2	AT3G23810
PAO3	AT3G59050
ABCB21	AT3G62150
SAMDC1	AT3G02470
AT3G03125	AT3G03125
AT3G29020	AT3G29020
AT3G63180	AT3G63180
AT3G26135	AT3G26135
AT3G01590	AT3G01590
AT3G14590	AT3G14590
CYP72A15	AT3G14690
TCP4	AT3G15030
AT3G60540	AT3G60540
PYD1	AT3G17810
TENA_E	AT3G16990
UBC32	AT3G17000
AT3G49796	AT3G49796
AT3G25440	AT3G25440
AT3G54000	AT3G54000
AT3G07680	AT3G07680
AT3G62190	AT3G62190
DTX24	AT3G03620
CHLG	AT3G51820
BRG3	AT3G12920
AOX1A	AT3G22370
NA	NA
AT3G57630	AT3G57630
GLO3	AT3G14150
AT3G14160	AT3G14160
F3H	AT3G51240
FTSH7	AT3G47060
ATPK1	AT3G08730
AT3G16712	AT3G16712
AT3G50020	AT3G50020
AT3G14190	AT3G14190
AT3G53400	AT3G53400
p_MI0000188	AT3G10745
AT3G15350	AT3G15350
AT3G62120	AT3G62120
AT3G52110	AT3G52110
AT3G46450	AT3G46450
RBR1	AT3G12280
AT3G09850	AT3G09850
AT3G09860	AT3G09860
OBE4	AT3G63500
NCED3	AT3G14440
ERDJ3A	AT3G08970
PTAC16	AT3G46780
SYP73	AT3G61450
AT3G05215	AT3G05215
ABF4	AT3G19290
INVH	AT3G05820
PP2A13	AT3G61060
BHLH117	AT3G22100
H2B	AT3G45980
GAPC1	AT3G04120
PUB9	AT3G07360
BZIP28	AT3G10800
AT3G09425	AT3G09425
RH40	AT3G06480
AT3G09980	AT3G09980
HYH	AT3G17609
PEX11B	AT3G47430
PLDZETA1	AT3G16785
ANT1	AT3G11900
AT3G26990	AT3G26990
AT3G10210	AT3G10210
TFCB	AT3G10220
NA	NA
HSFA1E	AT3G02990
AT3G50540	AT3G50540
AT3G08890	AT3G08890
AT3G02195	AT3G02195
AT3G09350	AT3G09350
MTERF18	AT3G60400
AT3G56360	AT3G56360
RCI2B	AT3G05890
AT3G10290	AT3G10290
NA	NA
AT3G55640	AT3G55640
AT3G61260	AT3G61260
AT3G57060	AT3G57060
AT3G57062	AT3G57062
NFYA6	AT3G14020
AT3G62260	AT3G62260
SIA2	AT3G48820
AT3G48830	AT3G48830
AT3G49870	AT3G49870
AT3G04420	AT3G04420
ARP2	AT3G27000
PHS1	AT3G29320
HCF152	AT3G09650
ATG13A	AT3G49590
LHCA4	AT3G47470
AT3G01490	AT3G01490
AT3G52990	AT3G52990
AT3G01115	AT3G01115
SCPL21	AT3G25420
ATG1A	AT3G61960
JAL34	AT3G16460
TRP2	AT3G46590
ASK2	AT3G61160
MBD4	AT3G63030
NA	NA
GATA8	AT3G54810
NA	NA
IDD11	AT3G13810
SPO11-1	AT3G13170
TIC	AT3G22380
AT3G45620	AT3G45620
AT3G09665	AT3G09665
AT3G02745	AT3G02745
AT3G01075	AT3G01075
AT3G44100	AT3G44100
AT3G01365	AT3G01365
PEX11E	AT3G61070
AT3G15670	AT3G15670
WNK6	AT3G18750
PSBO2	AT3G50820
AT3G25910	AT3G25910
PP2CA	AT3G11410
NA	NA
BHLH47	AT3G47640
AT3G51730	AT3G51730
NIFU4	AT3G20970
AT3G23080	AT3G23080
NA	NA
BASS3	AT3G25410
GSA2	AT3G48730
AT3G48800	AT3G48800
AT3G48810	AT3G48810
COR413PM2	AT3G50830
AT3G09465	AT3G09465
AT3G54360	AT3G54360
AT3G52740	AT3G52740
UGD2	AT3G29360
RABA2C	AT3G46830
FER	AT3G51550
AT3G53670	AT3G53670
ARP5	AT3G12380
AT3G12385	AT3G12385
FLA18	AT3G11700
AT3G03680	AT3G03680
Y-2	AT3G27210
CLC-B	AT3G27170
SIB1	AT3G56710
FER2	AT3G11050
AT3G20820	AT3G20820
DSPTP1	AT3G23610
AT3G17120	AT3G17120
EHD1	AT3G20290
AT3G03100	AT3G03100
AT3G04620	AT3G04620
DGD1	AT3G11670
AT3G58600	AT3G58600
AT3G58610	AT3G58610
UBP13	AT3G11910
TFCD	AT3G60740
AT3G15940	AT3G15940
AT3G03195	AT3G03195
AT3G18950	AT3G18950
PAL4	AT3G10340
PIF6	AT3G62090
AT3G60980	AT3G60980
SPP3B	AT3G52340
NA	NA
NA	NA
CDKB1-1	AT3G54180
DJ1A	AT3G14990
AT3G02315	AT3G02315
IKU2	AT3G19700
LOG4	AT3G53450
AT3G15360	AT3G15360
AT3G13740	AT3G13740
AT3G27540	AT3G27540
AT3G22980	AT3G22980
RTNLB6	AT3G61560
AT3G60910	AT3G60910
AT3G54310	AT3G54310
SCE1	AT3G57870
AT3G61050	AT3G61050
TFIIB2	AT3G10330
AIP1-2	AT3G18060
AT3G60790	AT3G60790
AT3G17250	AT3G17250
AT3G03150	AT3G03150
AT3G03160	AT3G03160
CCR4-3	AT3G18500
BASS4	AT3G56160
AT3G57810	AT3G57810
AT3G60590	AT3G60590
AT3G03635	AT3G03635
RPS19A	AT3G02080
AT3G53830	AT3G53830
RS31	AT3G61860
ERDJ3B	AT3G62600
CYP72A13	AT3G14660
TSO2	AT3G27060
PTEN2B	AT3G50110
AT3G50910	AT3G50910
AT3G13310	AT3G13310
AT3G59820	AT3G59820
SYP43	AT3G05710
AT3G04955	AT3G04955
SOX	AT3G01910
AT3G01920	AT3G01920
AT3G02910	AT3G02910
PLDALPHA1	AT3G15730
AT3G07975	AT3G07975
NIT3	AT3G44320
ATX3	AT3G61740
AT3G26910	AT3G26910
AT3G03065	AT3G03065
PCMP-E79	AT3G28640
AT3G45820	AT3G45820
AT3G50690	AT3G50690
AT3G04475	AT3G04475
RS2Z32	AT3G53500
AT3G55570	AT3G55570
AT3G55880	AT3G55880
AT3G10985	AT3G10985
AT3G12590	AT3G12590
VQ20	AT3G18360
AT3G04040	AT3G04040
AT3G21320	AT3G21320
AT3G44190	AT3G44190
IAA2	AT3G23030
AT3G51370	AT3G51370
LRR-RLK	AT3G14840
PHB4	AT3G27280
PEX12	AT3G04460
AT3G45230	AT3G45230
AT3G26580	AT3G26580
NA	NA
AT3G23700	AT3G23700
TIC22L	AT3G23710
AT3G27090	AT3G27090
EMB2750	AT3G06430
AT3G57470	AT3G57470
GRXS15	AT3G15660
OXI1	AT3G25250
EBP1	AT3G51800
AT3G01860	AT3G01860
LNK3	AT3G12320
AT3G18290	AT3G18290
NA	NA
AT3G50060	AT3G50060
AT3G60650	AT3G60650
UBP14	AT3G20630
PIP5K6	AT3G07960
AT3G09520	AT3G09520
AT3G15280	AT3G15280
AT3G15290	AT3G15290
AT3G60510	AT3G60510
GLO4	AT3G14130
AT3G14140	AT3G14140
AT3G12820	AT3G12820
AT3G30380	AT3G30380
NA	NA
NAC062	AT3G49530
AT3G06410	AT3G06410
NA	NA
HDA15	AT3G18520
DOF3.5	AT3G52440
AT3G14870	AT3G14870
AT3G17185	AT3G17185
AT3G19970	AT3G19970
NA	NA
EIF4G	AT3G60240
AT3G16930	AT3G16930
TIFY6B	AT3G17860
MSL5	AT3G14810
AT3G08590	AT3G08590
AT3G58760	AT3G58760
AT3G51750	AT3G51750
UMK1	AT3G60180
UGP2	AT3G03250
AT3G47580	AT3G47580
ELIP1	AT3G22840
AT3G61980	AT3G61980
AT3G58140	AT3G58140
AT3G27590	AT3G27590
PCMP-E80	AT3G28660
AT3G47830	AT3G47830
AT3G61670	AT3G61670
AT3G11000	AT3G11000
NCED6	AT3G24220
SULTR3	AT3G51895
AT3G48240	AT3G48240
CYCU3-1	AT3G63120
RANGAP1	AT3G63130
HYP1	AT3G01100
DMC1	AT3G22880
AT3G62200	AT3G62200
AT3G09755	AT3G09755
PEX22	AT3G21865
AT3G58450	AT3G58450
AT3G01695	AT3G01695
PAT10	AT3G51390
AT3G49720	AT3G49720
VHA-G1	AT3G01390
AT3G01400	AT3G01400
RGL2	AT3G03450
PPA4	AT3G53620
AT3G14550	AT3G14550
AT3G06470	AT3G06470
BAG1	AT3G29310
AT3G52980	AT3G52980
AT3G16170	AT3G16170
CM1	AT3G29200
NA	NA
ACT2	AT3G18780
AT3G27340	AT3G27340
AT3G13390	AT3G13390
AT3G22070	AT3G22070
PAR2	AT3G58850
LBD41	AT3G02550
AT3G04184	AT3G04184
ALB3L3	AT3G44370
AT3G16560	AT3G16560
ERF7	AT3G20310
AT3G25700	AT3G25700
AT3G61750	AT3G61750
LUX	AT3G46640
AT3G13410	AT3G13410
AT3G13420	AT3G13420
CDP1	AT3G19180
NA	NA
XERO1	AT3G50980
AT3G11850	AT3G11850
OCT7	AT3G13050
AT3G11500	AT3G11500
AT3G11505	AT3G11505
AT3G06840	AT3G06840
AT3G29760	AT3G29760
AT3G04440	AT3G04440
PCMP-E85	AT3G50420
AT3G50430	AT3G50430
AT3G08905	AT3G08905
AT3G52150	AT3G52150
NA	NA
FAO3	AT3G23410
AT3G07855	AT3G07855
CKX6	AT3G63440
NA	NA
AT3G62580	AT3G62580
NAC056	AT3G15510
AT3G17090	AT3G17090
KIN12B	AT3G23670
UBC19	AT3G20060
AT3G24170	AT3G24170
AT3G07090	AT3G07090
IDN2	AT3G48670
AT3G52480	AT3G52480
AT3G57770	AT3G57770
AT3G18350	AT3G18350
ZPR3	AT3G52770
AT3G50060	AT3G50060
AT3G15548	AT3G15548
AT3G15550	AT3G15550
MKK5	AT3G21220
RMF	AT3G61730
CDS5	AT3G60620
AT3G07390	AT3G07390
SFH9	AT3G24840
ABCA3	AT3G47740
REM21	AT3G06160
AT3G62440	AT3G62440
AT3G62450	AT3G62450
NA	NA
AT3G23910	AT3G23910
AT3G09480	AT3G09480
AT3G09490	AT3G09490
PAP22	AT3G52820
AT3G23080	AT3G23080
ERF036	AT3G16280
AT3G00975	AT3G00975
NSP4	AT3G16410
ICMEL2	AT3G02410
AT3G16940	AT3G16940
ATL51	AT3G03550
AT3G13930	AT3G13930
CHC1	AT3G11130
AT3G22970	AT3G22970
AT3G27120	AT3G27120
AT3G56890	AT3G56890
AT3G58640	AT3G58640
DAPB2	AT3G59890
CALS6	AT3G59100
AT3G62840	AT3G62840
AT3G59470	AT3G59470
AT3G53030	AT3G53030
AHL11	AT3G61310
AT3G08085	AT3G08085
AT3G13940	AT3G13940
AT3G20250	AT3G20250
AT3G53180	AT3G53180
NA	NA
AT3G61250	AT3G61250
AT3G56990	AT3G56990
AT3G57000	AT3G57000
GDPD1	AT3G02040
NA	NA
TIR1	AT3G62980
AT3G01790	AT3G01790
ACLB-1	AT3G06650
FIPS3	AT3G66652
TON1A	AT3G55000
NA	NA
NA	NA
NA	NA
p_MI0005438	AT3G48201
AT3G59845	AT3G59845
AT3G12510	AT3G12510
AT3G54460	AT3G54460
AT3G19790	AT3G19790
AT3G19800	AT3G19800
BHLH34	AT3G23210
AT3G04475	AT3G04475
AT3G01565	AT3G01565
CCD1	AT3G63520
AT3G51530	AT3G51530
AT3G55850	AT3G55850
AT3G48050	AT3G48050
AT3G06750	AT3G06750
AT3G28430	AT3G28430
AT3G44620	AT3G44620
AT3G09025	AT3G09025
NRT2.6	AT3G45060
GDI1	AT3G07880
HDG8	AT3G03260
AT3G11760	AT3G11760
AT3G51890	AT3G51890
ARR22	AT3G04280
AT3G28890	AT3G28890
GTE11	AT3G01770
TPLATE	AT3G01780
AT3G05135	AT3G05135
RER6	AT3G56140
AT3G52790	AT3G52790
MSH7	AT3G24495
SKIP5	AT3G54480
AT3G62080	AT3G62080
AT3G57930	AT3G57930
AT3G19553	AT3G19553
AT3G49320	AT3G49320
MED37C	AT3G12580
AT3G44250	AT3G44250
AHL18	AT3G60870
PCMP-E89	AT3G13880
AT3G54826	AT3G54826
TGA6	AT3G12250
KIN7B	AT3G43210
AT3G52060	AT3G52060
AT3G53390	AT3G53390
AT3G57720	AT3G57720
AT3G22670	AT3G22670
AT3G47940	AT3G47940
AHL14	AT3G04590
SPA3	AT3G15354
AT3G46030	AT3G46030
AT3G27110	AT3G27110
NAC053	AT3G10500
AT3G19520	AT3G19520
AT3G46920	AT3G46920
PAP17	AT3G17790
NA	NA
APG	AT3G16370
AT3G18760	AT3G18760
AT3G03170	AT3G03170
AT3G42150	AT3G42150
MER3	AT3G27730
AT3G47080	AT3G47080
AT3G01030	AT3G01030
AT3G19490	AT3G19490
CLE41	AT3G24770
AT3G59490	AT3G59490
AT3G59500	AT3G59500
AT3G29075	AT3G29075
MAP65-4	AT3G60840
AT3G52710	AT3G52710
AT3G54760	AT3G54760
AT3G02890	AT3G02890
AT3G26100	AT3G26100
PLPZETA2	AT3G05630
AT3G26670	AT3G26670
SNM1	AT3G26680
CLPC2	AT3G48870
AT3G48880	AT3G48880
AT3G18700	AT3G18700
AT3G44753	AT3G44753
HINT1	AT3G56490
AHL19	AT3G04570
STR4A	AT3G25480
AT3G27690	AT3G27690
AT3G50270	AT3G50270
AT3G11690	AT3G11690
AT3G15090	AT3G15090
AT3G09000	AT3G09000
RPL15	AT3G25920
AT3G21100	AT3G21100
AT3G08125	AT3G08125
AT3G08130	AT3G08130
IQM2	AT3G13600
RABC2B	AT3G09910
AT3G02905	AT3G02905
CHR27	AT3G20010
AT3G58110	AT3G58110
AT3G10970	AT3G10970
AT3G25805	AT3G25805
AT3G00995	AT3G00995
AT3G24200	AT3G24200
AT3G08760	AT3G08760
BGLU16	AT3G60130
MPK10	AT3G59790
MIP1B	AT3G21890
AT3G56320	AT3G56320
AT3G56330	AT3G56330
AT3G22190	AT3G22190
AT3G44450	AT3G44450
EDL3	AT3G63060
CYP71B23	AT3G26210
AKR4C11	AT3G53880
AT3G02815	AT3G02815
TIM9	AT3G46560
AT3G48970	AT3G48970
SPL12	AT3G60030
HIRA	AT3G44530
COL9	AT3G07650
AT3G09275	AT3G09275
AT3G09690	AT3G09690
PCMP-A6	AT3G26630
AT3G59765	AT3G59765
CID9	AT3G14450
GC6	AT3G27530
AT3G24630	AT3G24630
AT3G05425	AT3G05425
AT3G05430	AT3G05430
GLYR1	AT3G25530
WNK3	AT3G48260
EPC1	AT3G55830
AT3G03225	AT3G03225
FER3	AT3G56090
AT3G52220	AT3G52220
AT3G52230	AT3G52230
SEC31B	AT3G63460
AT3G02370	AT3G02370
CYP707A4	AT3G19270
FTSHI2	AT3G16290
AT3G03035	AT3G03035
AT3G01270	AT3G01270
PP2A15	AT3G53000
AT3G59280	AT3G59280
PME32	AT3G43270
ABCC9	AT3G60160
AT3G47850	AT3G47850
WRKY39	AT3G04670
AT3G01315	AT3G01315
ATE2	AT3G11240
RPP0C	AT3G11250
DIR22	AT3G13660
AT3G01820	AT3G01820
AT3G01855	AT3G01855
AFC1	AT3G53570
DAPF	AT3G53580
BZIP25	AT3G54620
AT3G27845	AT3G27845
HSFA6B	AT3G22830
PPD7	AT3G05410
AT3G08430	AT3G08430
ABCG19	AT3G55130
CWINV2	AT3G52600
AT3G56630	AT3G56630
AT3G03210	AT3G03210
DTX40	AT3G21690
AT3G58270	AT3G58270
KIN1	AT3G63480
RPL1	AT3G63490
ALA8	AT3G27870
ASK21	AT3G61415
AT4G37480	AT4G37480
NA	NA
SYNO	AT4G17300
RD19C	AT4G16190
AT4G27250	AT4G27250
AT4G14970	AT4G14970
UPL3	AT4G38600
SAHH1	AT4G13940
AT4G31340	AT4G31340
AT4G04190	AT4G04190
AT4G21213	AT4G21213
BHLH81	AT4G09180
VHA-C1	AT4G34720
HISN7	AT4G39120
AT4G14315	AT4G14315
TTL	AT4G24900
RPS2	AT4G26090
IP5P2	AT4G18010
AT4G16150	AT4G16150
TPPG	AT4G22590
AT4G38780	AT4G38780
AT4G38781	AT4G38781
AT4G38790	AT4G38790
AT4G37240	AT4G37240
EDR2	AT4G19040
AGL19	AT4G22950
VHA-E2	AT4G26710
NA	NA
AT4G39230	AT4G39230
AT4G39235	AT4G39235
AT4G08685	AT4G08685
AT4G17420	AT4G17420
AT4G23450	AT4G23450
MI0017888	AT4G05860
GT19	AT4G22580
NA	NA
GGT3	AT4G29210
AT4G38330	AT4G38330
AT4G03555	AT4G03555
AT4G19140	AT4G19140
AT4G32290	AT4G32290
VHA-C1	AT4G34720
ERDJ2B	AT4G21180
NA	NA
HISN5B	AT4G14910
AT4G06010	AT4G06010
MTM1	AT4G27940
APA3	AT4G04460
AT4G13350	AT4G13350
AT4G01245	AT4G01245
SCPL20	AT4G12910
CFIS1	AT4G29820
VIP3	AT4G29830
AT4G40011	AT4G40011
AT4G08230	AT4G08230
ROPGAP2	AT4G03100
SHL	AT4G39100
AT4G06885	AT4G06885
RTNLB2	AT4G11220
BIG1	AT4G38200
ECA2	AT4G00900
AT4G35250	AT4G35250
AT4G32870	AT4G32870
AT4G33150	AT4G33150
PHR1	AT4G28610
POT13	AT4G33530
AT4G33540	AT4G33540
AT4G33666	AT4G33666
RAP2-9	AT4G06746
AT4G31270	AT4G31270
AT4G01810	AT4G01810
FIM1	AT4G26700
AT4G10080	AT4G10080
AT4G29310	AT4G29310
PAP2	AT4G22240
FHY	AT4G21470
AT4G15010	AT4G15010
AT4G15020	AT4G15020
AT4G16830	AT4G16830
AT4G35850	AT4G35850
AT4G14500	AT4G14500
ABC1	AT4G01660
AT4G38900	AT4G38900
SUS3	AT4G02280
MAA3	AT4G15570
AT4G31510	AT4G31510
AT4G09520	AT4G09520
MBR2	AT4G34040
PIRL4	AT4G35470
AT4G16510	AT4G16510
AT4G38810	AT4G38810
SMO1-2	AT4G22756
AT4G33500	AT4G33500
DHS2	AT4G33510
AT4G17250	AT4G17250
AT4G08540	AT4G08540
AT4G13395	AT4G13395
AT4G35700	AT4G35700
AT4G13550	AT4G13550
AT4G02100	AT4G02100
UBQ14	AT4G02890
AT4G10507	AT4G10507
NA	NA
VTE1	AT4G32770
AT4G17100	AT4G17100
DGD2	AT4G00550
CBSDUF6	AT4G33700
ELI1	AT4G37380
AT4G12130	AT4G12130
SPE2	AT4G34710
AT4G05845	AT4G05845
VPS32.2	AT4G29160
AT4G37175	AT4G37175
RABA4B	AT4G39990
AT4G21430	AT4G21430
AT4G07845	AT4G07845
KEA2	AT4G00630
NAD-ME2	AT4G00570
AT4G07865	AT4G07865
AT4G24565	AT4G24565
AT4G38670	AT4G38670
GBF2	AT4G01120
AT4G32480	AT4G32480
p_MI0000210	AT4G19395
PHYL2.1	AT4G27840
CPK3	AT4G23650
AT4G17330	AT4G17330
FBX15	AT4G04690
CLC-E	AT4G35440
AKR2A	AT4G35450
ACO3	AT4G26970
AT4G39672	AT4G39672
AT4G29680	AT4G29680
AT4G26210	AT4G26210
AT4G17765	AT4G17765
AT4G09040	AT4G09040
AT4G06536	AT4G06536
MPK5	AT4G11330
ACBP3	AT4G24230
AT4G10730	AT4G10730
WRKY28	AT4G18170
SMO1-1	AT4G12110
AT4G17060	AT4G17060
PSB28	AT4G28660
AT4G21926	AT4G21926
ASK8	AT4G00720
AT4G19110	AT4G19110
AT4G36460	AT4G36460
AT4G35987	AT4G35987
NA	NA
NA	NA
AT4G00920	AT4G00920
HMGS	AT4G11820
AT4G37409	AT4G37409
AT4G28740	AT4G28740
AT4G14805	AT4G14805
NA	NA
AT4G32760	AT4G32760
AT4G22350	AT4G22350
RGTA1	AT4G24490
AT4G24500	AT4G24500
AT4G03905	AT4G03905
AT4G28085	AT4G28085
AT4G00440	AT4G00440
AT4G29190	AT4G29190
AT4G04750	AT4G04750
AT4G30490	AT4G30490
AT4G25690	AT4G25690
AT4G07575	AT4G07575
NA	NA
SECA1	AT4G01800
BETA-OHASE 1	AT4G25700
AT4G13700	AT4G13700
AT4G12005	AT4G12005
AT4G01610	AT4G01610
UBQ14	AT4G05320
AT4G33467	AT4G33467
DML3	AT4G34060
AT4G39140	AT4G39140
AT4G26630	AT4G26630
RPP1B	AT4G00810
PYL7	AT4G01026
DTX51	AT4G29140
AT4G07240	AT4G07240
GRXC6	AT4G33040
AT4G18140	AT4G18140
p_MI0005382	AT4G03039
MI0029231	AT4G04365
PYR4	AT4G22930
AT4G12700	AT4G12700
AT4G23490	AT4G23490
AT4G37030	AT4G37030
QCR7-1	AT4G32470
AT4G32475	AT4G32475
AT4G07390	AT4G07390
DAR1	AT4G36860
VPS54	AT4G19490
PSBQ2	AT4G05180
CALS11	AT4G04970
MORC7	AT4G24970
ADNT1	AT4G01100
NA	NA
ATG8F	AT4G16520
AT4G31450	AT4G31450
ATHB-40	AT4G36740
ACBP2	AT4G27780
AT4G32285	AT4G32285
NAC072	AT4G27410
PCMP-E52	AT4G39530
ASE2	AT4G34740
AT4G21930	AT4G21930
HISN4	AT4G26900
AT4G18255	AT4G18255
AT4G18530	AT4G18530
CLS	AT4G04870
ACX1	AT4G16760
AT4G05100	AT4G05100
WIP1	AT4G26455
AT4G09649	AT4G09649
ATPD	AT4G09650
HSA32	AT4G21320
SPHK2	AT4G21534
ELIP2	AT4G14690
CKL6	AT4G28540
AT4G23050	AT4G23050
TCX2	AT4G14770
AT4G37390	AT4G37390
AT4G17840	AT4G17840
AT4G36500	AT4G36500
AT4G29520	AT4G29520
AT4G29530	AT4G29530
AT4G30410	AT4G30410
AT4G04305	AT4G04305
AT4G02880	AT4G02880
MSR4	AT4G25130
SYP42	AT4G02195
AT4G29590	AT4G29590
AT4G09065	AT4G09065
AT4G21570	AT4G21570
NA	NA
AT4G02005	AT4G02005
BAK1	AT4G33430
AT4G09115	AT4G09115
AT4G35930	AT4G35930
RCCR	AT4G37000
AT4G09060	AT4G09060
AT4G05695	AT4G05695
AT4G08495	AT4G08495
SFH6	AT4G39170
NA	NA
ATPC1	AT4G04640
AT4G08065	AT4G08065
STY17	AT4G35780
AT4G27657	AT4G27657
SPT	AT4G36930
AT4G00140	AT4G00140
AT4G00530	AT4G00530
EXO	AT4G08950
ERF109	AT4G34410
PUB5	AT4G36550
AT4G24030	AT4G24030
DHS1	AT4G39980
CURT1A	AT4G01150
AT4G33905	AT4G33905
BEE2	AT4G36540
AT4G38640	AT4G38640
AT4G35140	AT4G35140
TCP2	AT4G18390
LPAT1	AT4G30580
AT4G31540	AT4G31540
AT4G38405	AT4G38405
AT4G38410	AT4G38410
DREB1A	AT4G25480
AT4G14730	AT4G14730
TPP2	AT4G20850
AT4G11990	AT4G11990
SBP1	AT4G14030
AT4G28020	AT4G28020
CBL3	AT4G26570
NA	NA
AT4G11570	AT4G11570
MLH3	AT4G35520
AT4G31390	AT4G31390
OEP162	AT4G16160
AT4G05010	AT4G05010
AKHSDH2	AT4G19710
AT4G32930	AT4G32930
RPS30C	AT4G29390
AT4G29400	AT4G29400
AT4G16370	AT4G16370
AT4G09630	AT4G09630
AT4G14420	AT4G14420
AT4G12280	AT4G12280
NA	NA
AT4G37220	AT4G37220
AT4G02550	AT4G02550
AT4G02210	AT4G02210
AT4G02220	AT4G02220
AT4G22980	AT4G22980
AT4G10100	AT4G10100
AT4G38730	AT4G38730
AT4G05018	AT4G05018
BT5	AT4G37610
AT4G14620	AT4G14620
SYP23	AT4G17730
TIM22-2	AT4G26670
ABF3	AT4G34000
GBF1	AT4G36730
BAM2	AT4G00490
SEP1	AT4G34190
CBP60D	AT4G25800
AT4G18630	AT4G18630
DOF4.1	AT4G00940
CAD9	AT4G39330
AT4G09920	AT4G09920
AT4G30660	AT4G30660
AT4G30600	AT4G30600
AT4G36648	AT4G36648
AT4G23910	AT4G23910
AT4G03435	AT4G03435
LOG5	AT4G35190
AT4G17680	AT4G17680
AT4G09185	AT4G09185
AT4G09195	AT4G09195
AT4G13010	AT4G13010
AT4G28550	AT4G28550
AT4G02450	AT4G02450
IPS1	AT4G39800
KIN12A	AT4G14150
VHA-E1	AT4G11150
ECHIA	AT4G16210
LDOX	AT4G22880
CESA1	AT4G32410
MSL1	AT4G00290
AT4G27980	AT4G27980
RBG8	AT4G39260
NCED2	AT4G18350
AT4G09445	AT4G09445
GPX6	AT4G11600
PAT12	AT4G00840
GIF3	AT4G00850
PMS1	AT4G02460
ORP1C	AT4G08180
AT4G15236	AT4G15236
ROPGEF1	AT4G38430
NA	NA
NA	NA
AT4G11350	AT4G11350
AT4G13345	AT4G13345
TIFY4B	AT4G14720
AT4G07375	AT4G07375
AT4G16140	AT4G16140
AHL7	AT4G00200
KIN7F	AT4G38950
AT4G26020	AT4G26020
AT4G22860	AT4G22860
HIPP25	AT4G35060
STY46	AT4G38470
AGT2	AT4G39660
LACS4	AT4G23850
RABD2C	AT4G17530
NA	NA
AT4G04220	AT4G04220
AT4G27610	AT4G27610
AT4G16770	AT4G16770
SKU5	AT4G12420
NAC076	AT4G36160
AT4G11355	AT4G11355
WRKY47	AT4G01720
CRK16	AT4G23240
AT4G03965	AT4G03965
AT4G16890	AT4G16890
AT4G09515	AT4G09515
TPC1	AT4G03560
AT4G03945	AT4G03945
AT4G23880	AT4G23880
AT4G39360	AT4G39360
AT4G12405	AT4G12405
AHL2	AT4G22770
TPPH	AT4G39770
RABH1C	AT4G39890
BRCA2A	AT4G00020
AT4G13820	AT4G13820
AT4G24980	AT4G24980
AT4G22510	AT4G22510
PRO3	AT4G29340
YUC8	AT4G28720
AT4G35080	AT4G35080
NRPB1	AT4G35800
AT4G38350	AT4G38350
LAZ1	AT4G38360
AT4G04625	AT4G04625
CRK10	AT4G23180
NAC68	AT4G01540
AT4G32190	AT4G32190
AT4G33400	AT4G33400
SPPL1	AT4G33410
FRS9	AT4G38170
AT4G15470	AT4G15470
AT4G20970	AT4G20970
AT4G27350	AT4G27350
AT4G01520	AT4G01520
SLK1	AT4G25520
NA	NA
MSH3	AT4G25540
CFIS2	AT4G25550
AT4G20830	AT4G20830
PER42	AT4G21960
SAM2	AT4G01850
AT4G15950	AT4G15950
AT4G13540	AT4G13540
AT4G02110	AT4G02110
AT4G32272	AT4G32272
AT4G24480	AT4G24480
PIP5K11	AT4G01190
PCMP-E7	AT4G31070
AT4G31075	AT4G31075
CYP18-4	AT4G34870
NA	NA
LPPB	AT4G22550
AT4G10930	AT4G10930
LTO1	AT4G35760
STR15	AT4G35770
AT4G10050	AT4G10050
PIRL8	AT4G26050
AT4G11845	AT4G11845
NA	NA
AT4G03200	AT4G03200
SOBER1	AT4G22305
MPC4	AT4G22310
AT4G17612	AT4G17612
AT4G20040	AT4G20040
AT4G20250	AT4G20250
GPP1	AT4G25840
AT4G25990	AT4G25990
AT4G23620	AT4G23620
APX6	AT4G32320
AT4G36945	AT4G36945
PAP1	AT4G04020
PETC	AT4G03280
AT4G15120	AT4G15120
UBQ11	AT4G05050
AT4G14342	AT4G14342
AT4G14345	AT4G14345
AT4G10530	AT4G10530
AT4G18980	AT4G18980
AT4G30060	AT4G30060
FBW2	AT4G08980
AT4G37225	AT4G37225
CYP97B3	AT4G15110
VAMP711	AT4G32150
BT1	AT4G32400
NA	NA
TPPF	AT4G12430
RHF1A	AT4G14220
AT4G30940	AT4G30940
AT4G25390	AT4G25390
AT4G36600	AT4G36600
AT4G13400	AT4G13400
AT4G24830	AT4G24830
AT4G30830	AT4G30830
OASA1	AT4G14880
RVE5	AT4G01280
DOF4.5	AT4G21080
AT4G39615	AT4G39615
TCX5	AT4G29000
AT4G17140	AT4G17140
GATL6	AT4G02130
NA	NA
FAD4	AT4G27030
XLG2	AT4G34390
FBA2	AT4G38970
HHP2	AT4G30850
AT4G01360	AT4G01360
AT4G14530	AT4G14530
RNP1	AT4G14300
SHM1	AT4G37930
GLDP1	AT4G33010
PLAT1	AT4G39730
AT4G33100	AT4G33100
AT4G16620	AT4G16620
AAH	AT4G20070
AT4G40065	AT4G40065
GSH1	AT4G23100
AT4G31010	AT4G31010
MSSP2	AT4G35300
AT4G09145	AT4G09145
GATA3	AT4G34680
AOX4	AT4G22260
PCMP-E53	AT4G25270
AT4G08205	AT4G08205
PPOX1	AT4G01690
UGT79B2	AT4G27560
SYP123	AT4G03330
TPD1	AT4G24972
AT4G01865	AT4G01865
AT4G33140	AT4G33140
SAP7	AT4G12040
AT4G27310	AT4G27310
RBOHG	AT4G25090
IAA14	AT4G14550
AT4G38060	AT4G38060
OBAP2B	AT4G18920
HVA22K	AT4G36720
AT4G04355	AT4G04355
NA	NA
SUVH9	AT4G13460
AT4G33960	AT4G33960
AT4G33666	AT4G33666
AT4G03460	AT4G03460
AT4G00990	AT4G00990
HSP70-6	AT4G24280
BOI	AT4G19700
AT4G14145	AT4G14145
AT4G32070	AT4G32070
AT4G38940	AT4G38940
AT4G34320	AT4G34320
AT4G32620	AT4G32620
AT4G39700	AT4G39700
PSD1	AT4G16700
AT4G16710	AT4G16710
CSC1	AT4G22120
AT4G09750	AT4G09750
SCPL29	AT4G30810
CYTC-2	AT4G10040
AT4G09855	AT4G09855
SQE3	AT4G37760
MFDX2	AT4G21090
RABB1C	AT4G17170
AT4G17180	AT4G17180
RIC11	AT4G21745
CYB561A	AT4G25570
AT4G09675	AT4G09675
AT4G14650	AT4G14650
HSP90-7	AT4G24190
AT4G33640	AT4G33640
AT4G30750	AT4G30750
MI0019206	AT4G08335
AT4G30760	AT4G30760
AT4G09575	AT4G09575
AT4G32680	AT4G32680
GLB3	AT4G32690
AT4G00740	AT4G00740
AT4G10270	AT4G10270
AT4G13265	AT4G13265
AT4G13270	AT4G13270
AT4G30100	AT4G30100
AT4G30097	AT4G30097
AT4G21550	AT4G21550
SH3P3	AT4G18060
PUB8	AT4G21350
AT4G29960	AT4G29960
AT4G15620	AT4G15620
AT4G16580	AT4G16580
AT4G03595	AT4G03595
AT4G39820	AT4G39820
CIPK8	AT4G24400
DXS	AT4G15560
AT4G09765	AT4G09765
AT4G00590	AT4G00590
AT4G17580	AT4G17580
AT4G37895	AT4G37895
AT4G31830	AT4G31830
APL3	AT4G39210
MI0019242	AT4G09925
DTX35	AT4G25640
BGLU9	AT4G27820
AT4G16144	AT4G16144
NA	NA
TBL18	AT4G25360
VHA-A3	AT4G39080
ATK1	AT4G21270
PSBQ1	AT4G21280
ALDH3I1	AT4G34240
SKIP8	AT4G10925
VAL2	AT4G32010
AT4G33300	AT4G33300
NET1C	AT4G02710
AT4G16110	AT4G16110
AT4G27230	AT4G27230
AT4G27720	AT4G27720
AT4G34600	AT4G34600
RBG2	AT4G13850
AT4G17550	AT4G17550
AT4G26910	AT4G26910
CRK36	AT4G04490
NA	NA
AT4G26190	AT4G26190
BHLH57	AT4G01460
AT4G31115	AT4G31115
AT4G09305	AT4G09305
PUX9	AT4G00752
PCMP-E2	AT4G19220
AT4G38310	AT4G38310
RBP45C	AT4G27000
AT4G27010	AT4G27010
CKL4	AT4G28860
KOR3	AT4G24260
AT5G35180	AT5G35180
AT5G43100	AT5G43100
AT5G17847	AT5G17847
CCX2	AT5G17850
KIN4A	AT5G47820
CASP5	AT5G15290
PAP14	AT5G53450
RAB18	AT5G66400
PLP3B	AT5G66410
CIPK5	AT5G10930
PSY1	AT5G17230
AT5G35430	AT5G35430
AT5G57345	AT5G57345
AT5G09755	AT5G09755
AT5G38830	AT5G38830
NA	NA
COX15	AT5G56090
SDHAF2	AT5G51040
AT5G49510	AT5G49510
AT5G04125	AT5G04125
UBP12	AT5G06600
AT5G64880	AT5G64880
SYT3	AT5G04220
ACR1	AT5G65890
AMC3	AT5G64240
PUMP2	AT5G58970
AT5G59220	AT5G59220
AT5G56900	AT5G56900
AT5G56910	AT5G56910
AT5G64600	AT5G64600
AT5G02220	AT5G02220
AT5G51150	AT5G51150
HSP70-10	AT5G09590
AT5G03230	AT5G03230
AT5G44010	AT5G44010
AT5G09085	AT5G09085
AT5G03670	AT5G03670
NPR3	AT5G45110
AT5G04065	AT5G04065
MDAR2	AT5G03630
AT5G04250	AT5G04250
AT5G01885	AT5G01885
CRRSP55	AT5G48540
HSP70-7	AT5G49910
AT5G44450	AT5G44450
AT5G04000	AT5G04000
P1	AT5G16970
AT5G16010	AT5G16010
AT5G43400	AT5G43400
AT5G47020	AT5G47020
OXP1	AT5G37830
AT5G40153	AT5G40153
UBQ3	AT5G03240
AT5G57123	AT5G57123
AO	AT5G14760
AT5G06965	AT5G06965
GRF5	AT5G16050
AT5G16060	AT5G16060
CKB1	AT5G47080
HDA5	AT5G61060
AT5G06350	AT5G06350
AT5G52840	AT5G52840
SDG40	AT5G17240
AT5G43210	AT5G43210
AT5G61345	AT5G61345
AT5G05180	AT5G05180
AOX2	AT5G64210
VPS36	AT5G04920
AT5G08915	AT5G08915
AT5G52815	AT5G52815
NLE1	AT5G52820
AT5G52270	AT5G52270
AT5G08530	AT5G08530
AT5G08535	AT5G08535
NA	NA
CRYD	AT5G24850
XI-K	AT5G20490
AT5G05455	AT5G05455
TMN8	AT5G10840
LTI65	AT5G52300
RH15	AT5G11170
AT5G11700	AT5G11700
LAC11	AT5G03260
AT5G15570	AT5G15570
AT5G02970	AT5G02970
SHI	AT5G66350
XI-2	AT5G43900
NA	NA
NA	NA
SEC61G2	AT5G50460
DHQS	AT5G66120
RAD17	AT5G66130
CPSF100	AT5G23880
GH3.6	AT5G54510
AT5G02050	AT5G02050
AT5G02060	AT5G02060
AT5G42900	AT5G42900
AT5G15500	AT5G15500
BOU	AT5G46800
PROC1	AT5G14800
AT5G63300	AT5G63300
AT5G28620	AT5G28620
NA	NA
AT5G04685	AT5G04685
AT5G11475	AT5G11475
AT5G41450	AT5G41450
APRR1	AT5G61380
GAUT4	AT5G47780
AT5G19590	AT5G19590
AT5G57340	AT5G57340
AAC2	AT5G13490
AT5G22750	AT5G22750
AT5G22760	AT5G22760
PUB62	AT5G05230
PER61	AT5G24070
AT5G18933	AT5G18933
AT5G03210	AT5G03210
AT5G40670	AT5G40670
FPGS1	AT5G05980
AT5G22520	AT5G22520
AT5G02055	AT5G02055
AT5G65990	AT5G65990
GH3.6	AT5G54510
AGP1	AT5G64310
AT5G24810	AT5G24810
AT5G57720	AT5G57720
MED37F	AT5G42020
PHOS32	AT5G54430
TRS130	AT5G54440
NA	NA
AT5G13390	AT5G13390
AT5G45840	AT5G45840
MED37A	AT5G28540
NFYA1	AT5G12840
AT5G26146	AT5G26146
RABA4C	AT5G47960
AT5G02020	AT5G02020
AT5G15008	AT5G15008
AT5G15010	AT5G15010
GALS2	AT5G44670
CNGC18	AT5G14870
AT5G03905	AT5G03905
AT5G43630	AT5G43630
PEX19-2	AT5G17550
BOLA4	AT5G17560
AT5G53220	AT5G53220
RH32	AT5G54910
AT5G54920	AT5G54920
A3G2XYLT	AT5G54060
AT5G09170	AT5G09170
AT5G21940	AT5G21940
ABCG8	AT5G52860
DYAD	AT5G51330
CYP20-1	AT5G58710
NA	NA
AT5G64320	AT5G64320
RABA4A	AT5G65270
AT5G42053	AT5G42053
AT5G24130	AT5G24130
AT5G65440	AT5G65440
AT5G41780	AT5G41780
NA	NA
CRS2B	AT5G16140
AT5G52260	AT5G52260
AT5G58410	AT5G58410
BDG4	AT5G17780
WIP2	AT5G56210
AT5G08435	AT5G08435
AT5G59910	AT5G59910
AT5G26330	AT5G26330
AT5G38520	AT5G38520
AT5G25590	AT5G25590
LNK4	AT5G06980
SWEET15	AT5G13170
AT5G53620	AT5G53620
AT5G64250	AT5G64250
RGL3	AT5G17490
AT5G23390	AT5G23390
AT5G40860	AT5G40860
MTERF9	AT5G55580
AT5G27670	AT5G27670
AT5G54470	AT5G54470
NADP-ME3	AT5G25880
AT5G41620	AT5G41620
SWC6	AT5G37055
AT5G10200	AT5G10200
NA	NA
UBC30	AT5G56150
ALEU	AT5G60360
NUDT19	AT5G20070
AT5G08060	AT5G08060
AT5G59460	AT5G59460
ROPGAP6	AT5G12150
NAC92	AT5G39610
AT5G09365	AT5G09365
AT5G13100	AT5G13100
AT5G67370	AT5G67370
HY5	AT5G11260
AGL42	AT5G62165
NA	NA
NA	NA
PPX2	AT5G55260
PHL11	AT5G45580
AT5G38020	AT5G38020
AT5G66820	AT5G66820
AT5G04720	AT5G04720
PCMP-H52	AT5G52630
PDCB2	AT5G08000
PSY1	AT5G58650
AT5G66480	AT5G66480
SYP41	AT5G26980
BI-1	AT5G47120
AT5G37340	AT5G37340
AT5G37350	AT5G37350
AT5G11970	AT5G11970
AT5G17190	AT5G17190
AT5G64270	AT5G64270
SRK2I	AT5G66880
AT5G09045	AT5G09045
DREB2A	AT5G05410
AT5G18610	AT5G18610
AT5G26673	AT5G26673
GT-3A	AT5G01380
PNSL5	AT5G13120
CLPC1	AT5G50920
DDB2	AT5G58760
AUG6	AT5G40740
AT5G18630	AT5G18630
GTE2	AT5G10550
AGP24	AT5G40730
SDH2-3	AT5G65165
RAD4	AT5G16630
AT5G01550	AT5G01550
AT5G54860	AT5G54860
OS9	AT5G35080
TIC100	AT5G22640
AT5G09225	AT5G09225
SRT2	AT5G09230
PVA21	AT5G47180
SAMDC2	AT5G15950
SPS2	AT5G11110
AT5G01520	AT5G01520
B'IOTA	AT5G25510
AT5G25520	AT5G25520
APRR7	AT5G02810
AT5G11430	AT5G11430
AT5G20450	AT5G20450
DREB1D	AT5G51990
NAC091	AT5G24590
ARP8	AT5G56180
AT5G08175	AT5G08175
AT5G07675	AT5G07675
AT5G25280	AT5G25280
NA	NA
AT5G63970	AT5G63970
LON2	AT5G47040
AT5G66053	AT5G66053
CMTA1	AT5G09410
ZAT12	AT5G59820
NA	NA
AT5G65305	AT5G65305
ABCI20	AT5G02270
AT5G02280	AT5G02280
AT5G61670	AT5G61670
AT5G55893	AT5G55893
CIA2	AT5G57180
AT5G01675	AT5G01675
AT5G60430	AT5G60430
AT5G53270	AT5G53270
AT5G28463	AT5G28463
AT5G51110	AT5G51110
SPL7	AT5G18830
STR18	AT5G66170
AT5G10730	AT5G10730
AT5G18440	AT5G18440
AT5G50170	AT5G50170
CHS	AT5G13930
AT5G53590	AT5G53590
TPPA	AT5G51460
AT5G20360	AT5G20360
GATA5	AT5G66320
DGK1	AT5G07920
DCI1	AT5G43280
TGA1	AT5G65210
AT5G18270	AT5G18270
AT5G62330	AT5G62330
AT5G03205	AT5G03205
AT5G66830	AT5G66830
UBP22	AT5G10790
NA	NA
NAC081	AT5G08790
AT5G01825	AT5G01825
AT5G17010	AT5G17010
AT5G16550	AT5G16550
AT5G11090	AT5G11090
ASK5	AT5G14640
NAC089	AT5G22290
BAG7	AT5G62390
PP7	AT5G63870
AT5G46910	AT5G46910
SPMS	AT5G53120
AT5G50361	AT5G50361
PHYC	AT5G35840
ATG16	AT5G50230
PIMT2	AT5G50240
AT5G11460	AT5G11460
AT5G63190	AT5G63190
AT5G01610	AT5G01610
AT5G10070	AT5G10070
AT5G10080	AT5G10080
AT5G46170	AT5G46170
AT5G02150	AT5G02150
AT5G02160	AT5G02160
AT5G67430	AT5G67430
SCPL19	AT5G09640
PGR	AT5G19930
PAP8	AT5G19940
ABCF2	AT5G09930
AT5G08680	AT5G08680
AT5G19140	AT5G19140
AT5G11790	AT5G11790
AT5G20700	AT5G20700
NA	NA
NA	NA
WAKL21	AT5G66790
AT5G58800	AT5G58800
SIGD	AT5G13730
NAT5	AT5G49990
TIL	AT5G58070
NA	NA
SRO5	AT5G62520
AT5G02650	AT5G02650
LNK1	AT5G64170
AT5G64180	AT5G64180
WRKY2	AT5G56270
AT5G07855	AT5G07855
FTSH5	AT5G42270
HTR8	AT5G10980
ABCF5	AT5G64840
AT5G05480	AT5G05480
SYN1	AT5G05490
BAM9	AT5G18670
AT5G64940	AT5G64940
AT5G43260	AT5G43260
AT5G54530	AT5G54530
SDH1-1	AT5G66760
AT5G07340	AT5G07340
XTH6	AT5G65730
AT5G10650	AT5G10650
AT5G58570	AT5G58570
AT5G13650	AT5G13650
TIFY3B	AT5G20900
ABI2	AT5G57050
AT5G62820	AT5G62820
AT5G23930	AT5G23930
PIPC	AT5G58720
LHCB4.1	AT5G01530
PCMP-E16	AT5G39350
PRMT14	AT5G49020
AT5G56980	AT5G56980
AT5G53140	AT5G53140
AT5G25000	AT5G25000
CYB561B	AT5G38630
AT5G09665	AT5G09665
AT5G50900	AT5G50900
AL4	AT5G26210
SYP21	AT5G16830
AT5G47590	AT5G47590
AT5G39960	AT5G39960
CIPK21	AT5G57630
CHLH	AT5G13630
XLT2	AT5G62220
AT5G63080	AT5G63080
AT5G48655	AT5G48655
RAN3	AT5G55190
BT1	AT5G63160
RABD2B	AT5G47200
AT5G05250	AT5G05250
HVA22B	AT5G62490
AT5G04840	AT5G04840
TCP21	AT5G08330
SCL8	AT5G52510
AT5G67620	AT5G67620
NAC078	AT5G04410
AT5G60680	AT5G60680
LARP6A	AT5G46250
CLPB3	AT5G15450
AT5G22880	AT5G22880
AT5G03135	AT5G03135
XBAT33	AT5G07270
CLPD	AT5G51070
AT5G46580	AT5G46580
MYC3	AT5G46760
CIPK15	AT5G01810
AT5G16200	AT5G16200
AT5G62120	AT5G62120
AT5G58090	AT5G58090
AT5G58100	AT5G58100
AT5G58900	AT5G58900
AT5G55970	AT5G55970
AT5G01300	AT5G01300
AT5G02570	AT5G02570
AT5G46020	AT5G46020
AT5G57100	AT5G57100
AT5G62760	AT5G62760
DOF5.7	AT5G65590
ABCI21	AT5G44110
NA	NA
AT5G03785	AT5G03785
MMS19	AT5G48120
AT5G06760	AT5G06760
AT5G23470	AT5G23470
AT5G06240	AT5G06240
AT5G24318	AT5G24318
AT5G05160	AT5G05160
IRX14H	AT5G67230
NA	NA
AT5G15815	AT5G15815
AT5G15820	AT5G15820
AT5G49220	AT5G49220
ROPGAP7	AT5G19390
ML4	AT5G07290
AT5G49555	AT5G49555
AT5G53310	AT5G53310
AT5G64550	AT5G64550
OVA3	AT5G64050
AT5G24060	AT5G24060
AT5G66290	AT5G66290
AT5G05330	AT5G05330
AT5G40790	AT5G40790
DMR6	AT5G24530
MYB44	AT5G67300
AT5G03285	AT5G03285
NAC102	AT5G63790
AT5G18510	AT5G18510
AT5G28262	AT5G28262
AT5G63520	AT5G63520
NA	NA
AT5G52800	AT5G52800
AT5G14710	AT5G14710
NA	NA
AT5G19680	AT5G19680
AT5G55310	AT5G55310
COL4	AT5G24930
AT5G39410	AT5G39410
P4H4	AT5G18900
AT5G67140	AT5G67140
NA	NA
LPPG	AT5G03080
AT5G47400	AT5G47400
CYP707A3	AT5G45340
AT5G03190	AT5G03190
AT5G01732	AT5G01732
AT5G37560	AT5G37560
AT5G07785	AT5G07785
AT5G51740	AT5G51740
RABE1D	AT5G03520
p_MI0000181	AT5G10945
AT5G23700	AT5G23700
PMIR2	AT5G26160
AT5G18190	AT5G18190
AT5G64395	AT5G64395
AT5G55670	AT5G55670
MSRA3	AT5G07470
AAE5	AT5G16370
AT5G55840	AT5G55840
NA	NA
AT5G18040	AT5G18040
AT5G48900	AT5G48900
NFYA10	AT5G06510
SAC4	AT5G20840
AT5G46410	AT5G46410
CNX1	AT5G61790
RFS6	AT5G20250
AT5G63620	AT5G63620
ABCF1	AT5G60790
AT5G01465	AT5G01465
AT5G42830	AT5G42830
AT5G05320	AT5G05320
EMF1	AT5G11530
PAT1	AT5G17990
YLMG2	AT5G21920
PAA2	AT5G21930
CDKE-1	AT5G63610
AT5G50100	AT5G50100
OBAP2A	AT5G45690
ICME	AT5G15860
RIBF1	AT5G23330
AT5G06065	AT5G06065
NA	NA
SAT5	AT5G56760
AT5G42430	AT5G42430
AT5G55850	AT5G55850
LRK10L-1.3	AT5G38210
AT5G04815	AT5G04815
AT5G52950	AT5G52950
AT5G52960	AT5G52960
NIFS1	AT5G65720
AT5G00785	AT5G00785
AT5G27170	AT5G27170
BHLH93	AT5G65640
AT5G15190	AT5G15190
AT5G22070	AT5G22070
AT5G61820	AT5G61820
AT5G61830	AT5G61830
AT5G05750	AT5G05750
NA	NA
NA	NA
AT5G37485	AT5G37485
AT5G09255	AT5G09255
PUB2	AT5G67340
AT5G52550	AT5G52550
CYCD3-2	AT5G67260
AT5G50170	AT5G50170
AT5G13970	AT5G13970
AT5G45745	AT5G45745
RABA1C	AT5G45750
AT5G06220	AT5G06220
AT5G01310	AT5G01310
AT5G40600	AT5G40600
CTPA1	AT5G46390
GDH2	AT5G07440
VPS24-1	AT5G22950
LCR57	AT5G42242
NA	NA
AT5G42785	AT5G42785
CLE40	AT5G12990
GRF3	AT5G38480
AT5G27920	AT5G27920
NET4A	AT5G58320
NADP-ME2	AT5G11670
RH30	AT5G63120
AT5G53850	AT5G53850
AT5G53860	AT5G53860
FIP2	AT5G55000
GCL1	AT5G65280
AT5G17760	AT5G17760
TPPJ	AT5G65140
AT5G66710	AT5G66710
AT5G43150	AT5G43150
AT5G14680	AT5G14680
AT5G24970	AT5G24970
ERF016	AT5G21960
AT5G42950	AT5G42950
BEL1	AT5G41410
RTNLB4	AT5G41600
AT5G54365	AT5G54365
p_MI0000207	AT5G63715
ITPK1	AT5G16760
AT5G01420	AT5G01420
AT5G07190	AT5G07190
AT5G43770	AT5G43770
AT5G44590	AT5G44590
HST	AT5G48930
POLA	AT5G67100
AT5G14260	AT5G14260
TCP7	AT5G23280
AT5G39535	AT5G39535
PAT06	AT5G41060
IPK1	AT5G42810
AT5G09825	AT5G09825
AT5G57785	AT5G57785
SNX2A	AT5G58440
AT5G58450	AT5G58450
AT5G64430	AT5G64430
AT5G01985	AT5G01985
GH3.12	AT5G13320
SLK2	AT5G62090
AT5G57070	AT5G57070
AT5G10040	AT5G10040
IDD1	AT5G66730
AT5G67490	AT5G67490
VDAC2	AT5G67500
AT5G06550	AT5G06550
AT5G03205	AT5G03205
BIN4	AT5G24630
HMGB7	AT5G23420
AT5G42000	AT5G42000
AT5G52070	AT5G52070
AT5G41170	AT5G41170
AT5G55660	AT5G55660
NA	NA
AT5G13760	AT5G13760
p_MI0000211	AT5G45307
AT5G01881	AT5G01881
AT5G52930	AT5G52930
CYC12	AT5G40810
TOE2	AT5G60120
AT5G35580	AT5G35580
AT5G61970	AT5G61970
AT5G67560	AT5G67560
LUT2	AT5G57030
ATL23	AT5G42200
AT5G21950	AT5G21950
ATK4	AT5G27000
KIN2	AT5G15970
DPD1	AT5G26940
AT5G59960	AT5G59960
AT5G54450	AT5G54450
AT5G49350	AT5G49350
GB210	AT5G40480
NA	NA
FFC	AT5G03940
AT5G53500	AT5G53500
DGK2	AT5G63770
AT5G04595	AT5G04595
GDPD2	AT5G41080
KIN7H	AT5G66310
AT5G08139	AT5G08139
AT5G04885	AT5G04885
AT5G55090	AT5G55090
PCMP-E20	AT5G08510
CSLD2	AT5G16910
AT5G51300	AT5G51300
AT5G44063	AT5G44063
AT5G04760	AT5G04760
P58IPK	AT5G03160
PNSB5	AT5G43750
CpNIFS3	AT5G26600
MDH2	AT5G43330
AT5G27395	AT5G27395
HCF136	AT5G23120
ERF086	AT5G18560
ERF025	AT5G52020
TMN9	AT5G25100
AT5G03460	AT5G03460
FLA17	AT5G06390
AT5G16210	AT5G16210
AT5G58150	AT5G58150
NA	NA
COQ5	AT5G57300
AT5G15710	AT5G15710
AT5G27430	AT5G27430
RAR1	AT5G51700
AT5G08085	AT5G08085
AT5G12010	AT5G12010
MED26B	AT5G05140
AT5G42290	AT5G42290
AT5G03560	AT5G03560
AT5G61510	AT5G61510
AT5G14770	AT5G14770
AT5G24710	AT5G24710
AT5G52420	AT5G52420
PFK2	AT5G47810
TRP1	AT5G59430
AT5G60630	AT5G60630
AT5G66240	AT5G66240
AT5G18748	AT5G18748
AT5G18750	AT5G18750
AT5G04270	AT5G04270
AT5G23480	AT5G23480
ZEP	AT5G67030
AT5G66530	AT5G66530
4CLL9	AT5G63380
AT5G01070	AT5G01070
HHT1	AT5G41040
ALC	AT5G67110
AT5G39650	AT5G39650
AT5G40945	AT5G40945
RPL27	AT5G40950
FTSH9	AT5G58870
AT5G51260	AT5G51260
AT5G06255	AT5G06255
AT5G02830	AT5G02830
RVE4	AT5G02840
AT5G58530	AT5G58530
AT5G64360	AT5G64360
AT5G64460	AT5G64460
DOF5.6	AT5G62940
MSL2	AT5G10490
AT5G55210	AT5G55210
TIG	AT5G55220
UBC3	AT5G62540
COL5	AT5G57660
CRCK1	AT5G58940
BRCA2B	AT5G01630
UGT78D2	AT5G17050
SKIP1	AT5G57900
AT5G02860	AT5G02860
RPS15D	AT5G09510
AIL5	AT5G57390
AT5G39570	AT5G39570
CRR21	AT5G55740
AT5G16600	AT5G16600
AT5G49280	AT5G49280
PRFB1	AT5G36170
AT5G28300	AT5G28300
AT5G00975	AT5G00975
AT5G58610	AT5G58610
AT5G52200	AT5G52200
AT5G52210	AT5G52210
AT5G60250	AT5G60250
AT5G55640	AT5G55640
AT5G11870	AT5G11870
AT5G67350	AT5G67350
AT5G06665	AT5G06665
VIP2	AT5G59710
AT5G06125	AT5G06125
EIL2	AT5G21120
AT5G27690	AT5G27690
AT5G02240	AT5G02240
RVE1	AT5G17300
AT5G17710	AT5G17710
AT5G39090	AT5G39090
AT5G43870	AT5G43870
AT5G49152	AT5G49152
AT5G04060	AT5G04060
AT5G19030	AT5G19030
AT5G07940	AT5G07940
TAP46	AT5G53000
AT5G40270	AT5G40270
SYN2	AT5G40840
EXPA9	AT5G02260
AT5G59740	AT5G59740
RIBA3	AT5G59750
AT5G56880	AT5G56880
AT5G05085	AT5G05085
p_MI0000216	AT5G04275
GID1C	AT5G27320
PER64	AT5G42180
AT5G54075	AT5G54075
HGO	AT5G54080
NAP1	AT5G56950
TBL19	AT5G15900
AT5G39770	AT5G39770
CRF3	AT5G53290
AT5G61410	AT5G61410
EXPA14	AT5G56320
NFYB2	AT5G47640
ERF107	AT5G61590
AT5G62170	AT5G62170
AT5G64710	AT5G64710
AT5G08075	AT5G08075
SYP132	AT5G08080
AT5G04500	AT5G04500
AT5G06815	AT5G06815
BOA	AT5G59570
COL10	AT5G48250
PLC1	AT5G58670
AT5G44320	AT5G44320
AT5G52770	AT5G52770
AT5G64505	AT5G64505
AT5G64510	AT5G64510
SDI1	AT5G48850
AT5G08560	AT5G08560
AT5G47210	AT5G47210
SIR	AT5G04590
AT5G15260	AT5G15260
NA	NA
BHLH72	AT5G61270
NA	NA
AT5G16810	AT5G16810
HSFA1B	AT5G16820
AT5G57780	AT5G57780
MRS2-2	AT5G64560
FAS2	AT5G64630
CLC-A	AT5G40890
AT5G55040	AT5G55040
AT5G02090	AT5G02090
WRKY48	AT5G49520
AT5G46680	AT5G46680
NEDP1	AT5G60190
AT5G02775	AT5G02775
PUB31	AT5G65920
STT3A	AT5G19690
AT5G56365	AT5G56365
APRR5	AT5G24470
VTI11	AT5G39510
CUV	AT5G13010
DOF5.4	AT5G60850
KEA5	AT5G51710
AT5G56260	AT5G56260
AT5G18460	AT5G18460
MIP2	AT5G24350
AT5G40340	AT5G40340
AT5G11230	AT5G11230
AT5G19300	AT5G19300
TOC34	AT5G05000
AT5G05010	AT5G05010
AT5G51220	AT5G51220
HEM15	AT5G26030
SDH2-2	AT5G40650
PMAT1	AT5G39050
RABA5A	AT5G47520
AT5G22788	AT5G22788
SLAH3	AT5G24030
AT5G57610	AT5G57610
AT5G14440	AT5G14440
AT5G17460	AT5G17460
AT5G65470	AT5G65470
PGIC	AT5G42740
AT5G55100	AT5G55100
AT5G54420	AT5G54420
AAE17	AT5G23050
BGAL4	AT5G56870
AT5G51830	AT5G51830
AT5G17360	AT5G17360
AT5G22450	AT5G22450
PNC2	AT5G27520
AT5G07635	AT5G07635
AT5G54020	AT5G54020
AT5G21125	AT5G21125
FLS1	AT5G08640
PEI1	AT5G07500
AT5G24230	AT5G24230
AT5G47420	AT5G47420
NA	NA
COPT5	AT5G20650
AT5G20660	AT5G20660
RPA1C	AT5G45400
AT5G59220	AT5G59220
AT5G02430	AT5G02430
AT5G59400	AT5G59400
AT5G61440	AT5G61440
AT5G01950	AT5G01950
AT5G01960	AT5G01960
AT5G35970	AT5G35970
ALY1	AT5G27610
AT5G09205	AT5G09205
AT5G04460	AT5G04460
CIPK10	AT5G58380
AT5G63500	AT5G63500
NA	NA
AT5G09380	AT5G09380
AT5G09390	AT5G09390
KIN4A	AT5G47820
AT5G11650	AT5G11650
AT5G63700	AT5G63700
AT5G24870	AT5G24870
AT5G01850	AT5G01850
